{"growth_rate": 0.18603515625, "raw_flux": {"RXN-EX_pnto__R_e_REV-SPONT": 3.515508e-05, "RXN-EX_4abz_e_REV-SPONT": 1.164209e-05, "RXN-EX_nh4_e_REV-SPONT": 1.16114527581, "RXN-EX_co2_e_FWD-SPONT": 16.54234082235, "RXN-EX_glc__D_e_REV-SPONT": 8.94816126479, "RXN-EX_etoh_e_FWD-SPONT": 14.95510909357, "RXN-EX_gcald_e_FWD-SPONT": 1.164209e-05, "RXN-EX_h_e_FWD-SPONT": 0.3120659771, "RXN-EX_fe2_e_REV-SPONT": 0.00013792039, "RXN-EX_inost_e_REV-SPONT": 0.00237735483, "RXN-EX_nac_e_REV-SPONT": 0.00112166436, "RXN-EX_o2_e_REV-SPONT": 1.2032756357, "RXN-EX_pi_e_REV-SPONT": 0.07400240094, "RXN-EX_k_e_REV-SPONT": 0.11253826893, "RXN-EX_pydxn_e_REV-SPONT": 1.761952e-05, "RXN-EX_ribflv_e_REV-SPONT": 0.00020590859, "RXN-EX_so4_e_REV-SPONT": 0.05693304452, "RXN-EX_thm_e_REV-SPONT": 1.546207e-05, "RXN-EX_h2o_e_FWD-SPONT": 4.90382649329, "RXN-EX_cu2_e_REV-SPONT": 2.143865e-05, "RXN-EX_mn2_e_REV-SPONT": 2.14497e-05, "RXN-EX_zn2_e_REV-SPONT": 0.00072666678, "RXN-EX_mg2_e_REV-SPONT": 0.01196063596, "RXN-EX_ca2_e_REV-SPONT": 0.00023969561, "RXN-EX_cobalt2_e_REV-SPONT": 1.983e-08, "RXN-EX_ni2_e_REV-SPONT": 8.57566e-06, "RXN-13GS_c_FWD-GSC2RHO1": 0.1712403915, "RXN-16GS_c_FWD-YPR159W": 0.04506337788, "RXN-PRMICI_c_FWD-YIL020C": 0.03491042246, "RXN-AATA_c_FWD-YER152C": 0.0369023688, "RXN-IPPMIb_c_REV-YGL009C": 0.05041628521, "RXN-HCITR_m_FWD-YDR234W": 0.0369023688, "RXN-OMCDC_c_FWD-YJR148W": 0.05041628521, "RXN-BPNT_c_FWD-YOL064C": 0.05112325856, "RXN-DHQTi_c_FWD-YDR127W": 0.06440510793, "RXN-DHQS_c_FWD-YDR127W": 0.06440510793, "RXN-3DSPHR_r_FWD-YBR265W": 0.00085002783, "RXN-DDPA_c_FWD-YDR035W": 0.06440510793, "RXN-IPPMIa_c_REV-YGL009C": 0.05041628521, "RXN-IPMD_c_FWD-YCL018W": 0.05041628521, "RXN-PSCIT_c_FWD-YDR127W": 0.06440510793, "RXN-PRFGS_c_FWD-YGR061C": 0.02156035345, "RXN-MTHFR3_c_FWD-YGL125W": 0.05886323348, "RXN-ALAS_m_FWD-YDR232W": 5.4681e-05, "RXN-PGL_c_FWD-YHR163W": 0.86856197372, "RXN-KARA1i_m_FWD-YLR355C": 0.08121085467, "RXN-ACACT40ir_m_FWD-YPL028W": 0.04428087448, "RXN-ACS_c_FWD-YLR153C": 0.29161363059, "RXN-ACGK_m_FWD-YER069W": 0.03100329179, "RXN-ACOTAi_m_FWD-YOL140W": 0.03100329179, "RXN-STATg181_rm_FWD-YCR048W": 0.00040383117, "RXN-STATg161_rm_FWD-YCR048W": 0.0011005167, "RXN-ADNK1_c_FWD-YJR105W": 0.02448999774, "RXN-AHCi_c_FWD-YER043C": 0.02448999774, "RXN-ADK1_c_FWD-YDR226W": 1.33659550952, "RXN-ADSL2i_c_FWD-YLR359W": 0.02156035345, "RXN-ADSL1r_c_FWD-YLR359W": 0.04632098983, "RXN-ADSS_c_FWD-YNL220W": 0.04632098983, "RXN-ADSK_c_FWD-YKL001C": 0.05112325856, "RXN-ALATRS_c_FWD-YOR335C": 0.06483643412, "RXN-ALCD2i2_m_FWD-YGL256W": 14.95510909357, "RXN-ALDD2y_c_FWD-YPL061W": 0.24049037204, "RXN-ANPRT_c_FWD-YDR354W": 0.01058064169, "RXN-ARGSL_c_FWD-YHR018C": 0.03100329179, "RXN-ARGSS_c_FWD-YOL058W": 0.03100329179, "RXN-ARGTRS_c_FWD-YDR341C": 0.03100329179, "RXN-ASNS1_c_FWD-YPR145W": 0.03857691431, "RXN-ASNTRS_c_FWD-YHR019C": 0.03857691431, "RXN-ASPCT_c_FWD-YJL130C": 0.02008611714, "RXN-ASPK_c_FWD-YER052C": 0.12871977068, "RXN-ASPTAi_m_FWD-YKL106W": 14.36290862034, "RXN-ASAD_c_FWD-YDR158W": 0.12871977068, "RXN-ASPTRS_c_FWD-YLL018C": 0.03728716311, "RXN-ATPPRT_c_FWD-YER055C": 0.03491042246, "RXN-C14STR_c_FWD-YNL280C": 0.00738005339, "RXN-C3STDH2_c_FWD-YGL001C": 0.00738005339, "RXN-C3STDH1_c_FWD-YGL001C": 0.00738005339, "RXN-C3STKR1_c_FWD-YLR100W": 0.00738005339, "RXN-C3STKR2_c_FWD-YLR100W": 0.00738005339, "RXN-C4STMO1_c_FWD-YGR060W": 0.00738005339, "RXN-C4STMO2_c_FWD-YGR060W": 0.00738005339, "RXN-C4STMO3_c_FWD-YGR060W": 0.00738005339, "RXN-C4STMO4_c_FWD-YGR060W": 0.00738005339, "RXN-C24STR_r_FWD-YGL012W": 0.00738005339, "RXN-CERH124A_r_FWD-YDR297W": 0.00025500835, "RXN-CERH124B_r_FWD-YMR272C": 8.500278e-05, "RXN-CERH126A_r_FWD-YDR297W": 0.00025500835, "RXN-CERH126B_r_FWD-YMR272C": 8.500278e-05, "RXN-CERH2A24_r_FWD-YMR272C": 0.00017000557, "RXN-CERH2A26_r_FWD-YMR272C": 0.00017000557, "RXN-CERH324_r_FWD-YMR272C": 8.500278e-05, "RXN-CERH326_r_FWD-YMR272C": 8.500278e-05, "RXN-CHTNS_c_FWD-YBR038W": 0.0040484487, "RXN-CHORM_c_FWD-YPR060C": 0.05382446624, "RXN-CHORS_c_FWD-YGL148W": 0.06440510793, "RXN-CS_m_FWD-YNR001C": 0.15386509931, "RXN-CPPPGO_c_FWD-YDR044W": 1.8472e-07, "RXN-CTPS2_c_FWD-YJR103W": 0.00923628709, "RXN-CYSS_c_FWD-YLR303W": 0.01675002282, "RXN-CYSTRS_c_FWD-YNL247W": 0.01671486774, "RXN-DCMPDA_c_FWD-YHR144C": 0.00070340857, "RXN-DHFS_1_c_FWD-YMR113W": 1.164209e-05, "RXN-DHNPA2i_m_FWD-YNL256W": 1.164209e-05, "RXN-DNMPPA_c_FWD-YDL100C": 1.164209e-05, "RXN-DHORTS_c_REV-YLR420W": 0.02008611714, "RXN-DHPTS_m_FWD-YNL256W": 1.164209e-05, "RXN-DHAD1_m_FWD-YJR016C": 0.08121085467, "RXN-DHAD2_m_FWD-YJR016C": 0.05383262768, "RXN-DMATT_c_FWD-YJL167W": 0.01476029149, "RXN-DOLPMT_c_FWD-YPR183W": 0.11035083832, "RXN-DTMPK_c_FWD-YJR057W": 0.00070340857, "RXN-ENO_c_FWD-YGR254W": 16.34749526371, "RXN-FCLT_m_FWD-YOR176W": 1.8472e-07, "RXN-AFAT_c_FWD-YDL045C": 7.3184e-06, "RXN-FMNRx_c_FWD-YLR011W": 1.530196e-05, "RXN-FTHFL_c_FWD-YGR204W": 0.03839498726, "RXN-FTHFL_m_REV-YBR084W": 0.03100329179, "RXN-FBA_c_FWD-YKL060C": 8.15679562933, "RXN-DHORDfum_c_FWD-YKL216W": 0.02008611714, "RXN-GALT_c_FWD-YBR018C": 0.30299962363, "RXN-GRTT_c_FWD-YJL167W": 0.01476029149, "RXN-G6PDH2i_c_FWD-YNL241C": 0.86856197372, "RXN-PGI_c_FWD-YBR196C": 7.7724614359, "RXN-GLU5K_c_FWD-YDR300C": 0.02025074645, "RXN-GLUDy_c_FWD-YAL062W": 1.01613757265, "RXN-G5SDy_c_FWD-YOR323C": 0.02025074645, "RXN-GLNS_c_FWD-YPR035W": 0.2269233967, "RXN-GF6PTA_c_FWD-YMR084W": 0.0040484487, "RXN-GLNTRS_c_FWD-YOR168W": 0.0240891162, "RXN-GLUTRS_c_FWD-GUS1ARC1": 0.04155325299, "RXN-GAPD_c_FWD-YJL052W": 16.529747352, "RXN-G3PD1r_c_FWD-YDL022W": 0.01158873461, "RXN-GARFT_c_FWD-YDR408C": 0.02156035345, "RXN-GHMT2r_c_FWD-YLR058C": 0.09920278414, "RXN-GHMT2r_m_FWD-YBR263W": 0.00365097499, "RXN-GLYTRS_c_FWD-YBR121C": 0.05388640789, "RXN-GMPS2_c_FWD-YMR217W": 0.01014978608, "RXN-GTPCI_c_FWD-YGR267C": 1.164209e-05, "RXN-GK1_c_FWD-YDR454C": 0.01085319215, "RXN-GK2_c_REV-YDR454C": 0.00070340607, "RXN-HEMEOS_m_FWD-YPL172C": 1.8472e-07, "RXN-HEX1_c_FWD-YCL040W": 8.94816126479, "RXN-HISTD_c_FWD-YCL030C": 0.03491042246, "RXN-HISTP_c_FWD-YFR025C": 0.03491042246, "RXN-HSTPT_c_FWD-YIL116W": 0.03491042246, "RXN-HACNH_m_FWD-YJL200C": 0.0369023688, "RXN-HICITD_m_FWD-YIL094C": 0.0369023688, "RXN-HSDx_c_FWD-YJR139C": 0.12871977068, "RXN-HSK_c_FWD-YHR025W": 0.09434653494, "RXN-HSERTA_c_FWD-YNL277W": 0.03437323574, "RXN-PPBNGD_c_FWD-YDL205C": 6.83512e-06, "RXN-HMGCOAR_c_FWD-YLR450W": 0.04428087448, "RXN-HMGCOAS_m_FWD-YML126C": 0.04428087448, "RXN-IG3PS_c_FWD-YBR248C": 0.03491042246, "RXN-IGPDH_c_FWD-YOR202W": 0.03491042246, "RXN-IMPD_c_FWD-YLR432W": 0.01014978608, "RXN-IGPS_c_FWD-TRP23": 0.01058064169, "RXN-PPA_c_FWD-YBR011C": 1.78833077486, "RXN-IMPC_c_FWD-YMR120C": 0.05647077591, "RXN-ICDHy_c_FWD-YLR174W": 0.14540123134, "RXN-ILETA_c_REV-YJR148W": 0.05383262768, "RXN-ILETRS_c_FWD-YBL076C": 0.05383262768, "RXN-IPDDI_c_FWD-YPL117C": 0.01476029149, "RXN-KARA2i_m_FWD-YLR355C": 0.05383262768, "RXN-ALATA_L_m_REV-YLR089C": 0.06483643412, "RXN-THRD_L_c_FWD-YCL064C": 0.05383262768, "RXN-LNSTLS_c_FWD-YHR072W": 0.00738005339, "RXN-LEUTA_c_REV-YJR148W": 0.05041628521, "RXN-LEUTRS_c_FWD-YPL160W": 0.05041628521, "RXN-LYSTRS_c_FWD-YDR037W": 0.0369023688, "RXN-MDH_m_FWD-YKL085W": 14.51677371965, "RXN-MDH_c_REV-YOL126C": 14.54446869896, "RXN-ME2_m_FWD-YKL029C": 0.12657961437, "RXN-MAN1PT_c_FWD-YDL055C": 0.11035083832, "RXN-MAN6PI_c_REV-YER003C": 0.11035083832, "RXN-MTHFC_m_FWD-YBR084W": 0.03100329179, "RXN-MTHFC_c_FWD-YGR204W": 0.03963614209, "RXN-METAT_c_FWD-YLR180W": 0.02448999774, "RXN-METS_c_FWD-YER091C": 0.05886323348, "RXN-METTRS_c_FWD-MES1ARC1": 0.03437323574, "RXN-MTHFD_c_FWD-YGR204W": 0.03963614209, "RXN-MTHFD_m_FWD-YBR084W": 0.03100329179, "RXN-MEVK1_c_FWD-YMR208W": 0.04428087448, "RXN-DPMVD_c_FWD-YNR043W": 0.04428087448, "RXN-AGPRi_m_FWD-YER069W": 0.03100329179, "RXN-ACGAM6PS_c_FWD-YFL017C": 0.0040484487, "RXN-NADHq6_c_FWD-YDL085W": 2.18077965522, "RXN-NADHK1_c_FWD-YJR049C": 0.00060425745, "RXN-NAMNPP_c_FWD-YOR209C": 0.00112166436, "RXN-NNATi_c_FWD-YGR010W": 0.00112166436, "RXN-NDPK3_c_FWD-YKL067W": 0.00978005996, "RXN-NDPK7_c_FWD-YKL067W": 0.00047482908, "RXN-NDPK5_c_FWD-YKL067W": 0.00047482957, "RXN-NDPK4_c_FWD-YKL067W": 0.00070340857, "RXN-NDPK1_c_FWD-YKL067W": 1.60038441726, "RXN-NDPK2_c_FWD-YKL067W": 0.32713418947, "RXN-AHSERL2_c_FWD-YLR303W": 0.03437323574, "RXN-OCBT_c_FWD-YJL088W": 0.03100329179, "RXN-ORNTACi_m_FWD-YMR062C": 0.03100329179, "RXN-ORPT_c_REV-YML106W": 0.02008611714, "RXN-OMPDC_c_FWD-YEL021W": 0.02008611714, "RXN-PTPAT_c_FWD-YGR277C": 3.510931e-05, "RXN-PNTK_c_FWD-YDR531W": 3.515508e-05, "RXN-PHETA1_c_REV-YHR137W": 0.01624542517, "RXN-PRAIS_c_FWD-YGL234W": 0.02156035345, "RXN-ACGAMPM_c_FWD-YEL058W": 0.0040484487, "RXN-PGMT_c_FWD-YMR105C": 0.30299962363, "RXN-GND_c_FWD-YGR256W": 0.86856197372, "RXN-PGCD_c_FWD-YIL074C": 0.18225208829, "RXN-PGK_c_FWD-YCR012W": 16.529747352, "RXN-PGM_c_FWD-YOR283W": 16.34749526371, "RXN-PMANM_c_REV-YFL045C": 0.11035083832, "RXN-PMEVK_c_FWD-YMR220W": 0.04428087448, "RXN-PPNCL2_c_FWD-YIL083C": 3.515508e-05, "RXN-PRASCSi_c_FWD-YAR015W": 0.02156035345, "RXN-PRAMPC_c_FWD-YCL030C": 0.03491042246, "RXN-PRATPP_c_FWD-YCL030C": 0.03491042246, "RXN-AIRC1_c_FWD-YOR128C": 0.02156035345, "RXN-AICART_c_FWD-YMR120C": 0.05647077591, "RXN-PRAIi_c_FWD-YDR007W": 0.01058064169, "RXN-PRAGSi_c_FWD-YGL234W": 0.02156035345, "RXN-GLUPRT_c_FWD-YMR300C": 0.02156035345, "RXN-PSP_L_c_FWD-YGR208W": 0.18225208829, "RXN-PSERT_c_FWD-YOR184W": 0.18225208829, "RXN-PPBNGS_1_c_FWD-YGL040C": 2.73405e-05, "RXN-PPNDH_c_FWD-YNL316C": 0.01624542517, "RXN-PPND2_c_FWD-YBR166C": 0.03757904107, "RXN-PROTRS_c_FWD-YHR020W": 0.02025074645, "RXN-PPPGO_m_FWD-YER014W": 9.236e-08, "RXN-P5CR_c_FWD-YER023W": 0.02025074645, "RXN-PC_c_FWD-YBR218C": 0.50511467892, "RXN-PYRDC_c_FWD-YLR134W": 15.1955994656, "RXN-PYK_c_FWD-YOR347C": 16.21868504785, "RXN-RNDR1_c_FWD-RNR1234": 0.00070340607, "RXN-RNDR3_c_FWD-RNR1234": 0.00117823765, "RXN-RNDR2_c_FWD-RNR1234": 0.00047482957, "RXN-RPI_c_FWD-YOR095C": 0.36982849328, "RXN-RPE_c_FWD-YJL121C": 0.49873348044, "RXN-SACCD2_c_FWD-YIR034C": 0.0369023688, "RXN-SACCD1_c_FWD-YNR050C": 0.0369023688, "RXN-SERTRS_c_FWD-YHR011W": 0.04267184912, "RXN-SHK3Di_c_FWD-YDR127W": 0.06440510793, "RXN-SHKK_c_FWD-YDR127W": 0.06440510793, "RXN-SHCHD2_c_FWD-YBR213W": 6.65041e-06, "RXN-SHCHF_c_FWD-YBR213W": 6.65041e-06, "RXN-SQLEy_r_FWD-YGR175C": 0.00738005339, "RXN-SQLS_c_FWD-YHR190W": 0.00738005339, "RXN-SLFAT_c_FWD-YCL050C": 0.05112325856, "RXN-TMDPK_c_FWD-YOR143C": 1.546207e-05, "RXN-THRS_c_FWD-YCR053W": 0.09434653494, "RXN-THRTRS_c_FWD-YIL078W": 0.04051390726, "RXN-TMDS_c_FWD-YOR074C": 0.00070340857, "RXN-TALA_c_FWD-YGR043C": 0.28156929418, "RXN-TKT1_c_FWD-YPR074C": 0.28156929418, "RXN-TKT2_c_FWD-YPR074C": 0.21716418626, "RXN-TPI_c_FWD-YDR050C": 8.14520689472, "RXN-TRPS1_c_FWD-YGL026C": 0.01058064169, "RXN-TRPTRS_c_FWD-YOL097C": 0.01058064169, "RXN-TYRTA_c_FWD-YHR137W": 0.03757904107, "RXN-TYRTRS_c_FWD-YGR185C": 0.03757904107, "RXN-UAGDP_c_FWD-YDL103C": 0.0040484487, "RXN-UGLT_c_REV-YBR018C": 0.30299962363, "RXN-UPPDC1_c_FWD-YDR047W": 1.8472e-07, "RXN-UPP3MT_2_c_FWD-YKR069W": 6.65041e-06, "RXN-UPP3S_c_FWD-YOR278W": 6.83512e-06, "RXN-VALTA_m_REV-YHR208W": 0.03079456946, "RXN-HCITS_m_FWD-YDL131W": 0.0369023688, "RXN-ICDHyi_m_FWD-YDL066W": 0.00846386797, "RXN-3OACE200_rm_FWD-YLR372W": 0.00085002783, "RXN-3OACE220_rm_FWD-YLR372W": 0.00085002783, "RXN-3OACE240_rm_FWD-YLR372W": 0.00085002783, "RXN-3OACE260_rm_FWD-YLR372W": 0.00042501392, "RXN-3OACR200_rm_FWD-YBR159W": 0.00085002783, "RXN-3OACR220_rm_FWD-YBR159W": 0.00085002783, "RXN-3OACR240_rm_FWD-YBR159W": 0.00085002783, "RXN-3OACR260_rm_FWD-YBR159W": 0.00042501392, "RXN-3HACD200_rm_FWD-YJL097W": 0.00085002783, "RXN-3HACD220_rm_FWD-YJL097W": 0.00085002783, "RXN-3HACD240_rm_FWD-YJL097W": 0.00085002783, "RXN-3HACD260_rm_FWD-YJL097W": 0.00042501392, "RXN-ECOAR200_rm_FWD-YDL015C": 0.00085002783, "RXN-ECOAR220_rm_FWD-YDL015C": 0.00085002783, "RXN-ECOAR240_rm_FWD-YDL015C": 0.00085002783, "RXN-ECOAR260_rm_FWD-YDL015C": 0.00042501392, "RXN-ACOADS160_rm_FWD-YGL055W": 0.01497641016, "RXN-ACOADS180_rm_FWD-YGL055W": 0.0054948819, "RXN-FACOAL180_rm_FWD-YMR246W": 1.0026e-07, "RXN-FACOAL161_l_FWD-YMR246W": 1.67e-07, "RXN-FACOAL181_l_FWD-YMR246W": 1.108e-07, "RXN-2OXOADPt_c_m_FWD-YPL134C": 0.0369023688, "RXN-NH4t_c_e_FWD-YDR384C": 1.16114527581, "RXN-ASPGLUt_c_m_FWD-YPR021C": 14.36290862034, "RXN-CITMALta_m_FWD-YBR291C": 0.14540123134, "RXN-COAt_c_m_FWD-YHR002W": 0.04428087448, "RXN-LACtps_m_FWD-SPONT": 0.52853753352, "RXN-LACPYRt_c_m_REV-SPONT": 0.52853753352, "RXN-GLCt_c_e_FWD-YOL156W": 8.94816126479, "RXN-INOSTtps_e_FWD-YOL103W": 0.00237735483, "RXN-FE2t_c_e_FWD-YMR319C": 0.00013792039, "RXN-FE2t_c_m_FWD-YKR052C": 1.8472e-07, "RXN-GLUt_c_m_FWD-YBR104W": 0.15763758715, "RXN-NACt_c_e_FWD-YGR260W": 0.00112166436, "RXN-ORNtpa_m_FWD-YOR130C": 0.03100329179, "RXN-PNTOtps_e_FWD-YCR028C": 3.515508e-05, "RXN-PItps_e_FWD-YML123C": 0.07400240094, "RXN-Ktps_e_FWD-YDR456W": 0.11253826893, "RXN-PYDXNtps_e_FWD-YGL186C": 1.761952e-05, "RXN-NAtpa_e_REV-YDR456W": 0.51402212516, "RXN-SUCFUMt_c_m_FWD-YJR095W": 0.02008611714, "RXN-SO4t_c_e_FWD-YBR294W": 0.05693304452, "RXN-THMtps_e_FWD-YLR237W": 1.546207e-05, "RXN-H2Ot_c_e_REV-SPONT": 4.90382649329, "RXN-AKGMALta_m_FWD-YOR222W": 14.49795210269, "RXN-3C3HMPt_c_m_REV-YKL120W": 0.05041628521, "RXN-2OBUTt_c_m_FWD-SPONT": 0.05383262768, "RXN-3MOPt_c_m_REV-SPONT": 0.05383262768, "RXN-4ABZt_c_e_REV-SPONT": 1.164209e-05, "RXN-4ABZt_c_m_FWD-SPONT": 1.164209e-05, "RXN-5AOPt_c_m_REV-SPONT": 5.4681e-05, "RXN-ACALDt_c_m_REV-SPONT": 14.95510909357, "RXN-HCO3E_n_FWD-UNKNOWN": 0.76442141097, "RXN-HCO3t_c_n_REV-SPONT": 0.76442141097, "RXN-CHLSTI_c_FWD-UNKNOWN": 0.00738005339, "RXN-CO2t_c_r_REV-SPONT": 0.00085002783, "RXN-CO2t_c_n_REV-SPONT": 0.76442141097, "RXN-CO2t_c_m_REV-SPONT": 0.70847738903, "RXN-CO2t_c_e_FWD-SPONT": 16.54234082235, "RXN-COAt_c_r_REV-SPONT": 0.00170005566, "RXN-CYTK1_c_FWD-UNKNOWN": 0.01095829762, "RXN-CYTK2_c_REV-UNKNOWN": 0.00070340857, "RXN-DPCOAK_c_FWD-UNKNOWN": 3.510931e-05, "RXN-DHNPTt_c_m_FWD-SPONT": 1.164209e-05, "RXN-DNTPPA_c_FWD-UNKNOWN": 1.164209e-05, "RXN-DHPTt_c_m_REV-SPONT": 1.164209e-05, "RXN-DOLPt_c_r_REV-SPONT": 0.11035083832, "RXN-ERGTETROLt_c_r_FWD-SPONT": 0.00738005339, "RXN-ETOHt_c_e_FWD-SPONT": 14.95510909357, "RXN-ETOHt_c_m_REV-SPONT": 14.95510909357, "RXN-FRDPt_c_m_FWD-SPONT": 1.8472e-07, "RXN-FORt_c_m_FWD-SPONT": 0.03100329179, "RXN-GLYt_c_m_FWD-YPR058W": 0.0237560228, "RXN-GCALDt_c_m_REV-SPONT": 1.164209e-05, "RXN-GCALDt_c_e_REV-SPONT": 1.164209e-05, "RXN-Ht_c_r_REV-SPONT": 0.09355066475, "RXN-Ht_c_l_REV-SPONT": 0.00032748563, "RXN-Ht_c_n_REV-SPONT": 0.76442141097, "RXN-HXCCOAt_c_r_FWD-SPONT": 0.00042501392, "RXN-HMGCOAt_c_m_REV-SPONT": 0.04428087448, "RXN-ALAt_c_m_FWD-SPONT": 0.06483643412, "RXN-G5SADr_c_FWD-UNKNOWN": 0.02025074645, "RXN-MANNANt_c_r_REV-SPONT": 0.11035083832, "RXN-NADPt_c_r_REV-SPONT": 0.01680017357, "RXN-NADPHt_c_r_FWD-SPONT": 0.01680017357, "RXN-NH4t_c_m_REV-SPONT": 0.0273523168, "RXN-O2t_c_r_FWD-SPONT": 0.00857009235, "RXN-O2t_c_m_FWD-SPONT": 1.1004335327, "RXN-O2t_c_e_FWD-SPONT": 1.2032756357, "RXN-PMTCOAt_c_r_FWD-SPONT": 0.00085002783, "RXN-PPPG9t_c_m_FWD-SPONT": 1.8472e-07, "RXN-PYDXK_c_FWD-YNR027W": 1.761952e-05, "RXN-PPIt_c_m_REV-SPONT": 1.8472e-07, "RXN-RIBFLVt_c_e_FWD-YOR306C": 0.00020590859, "RXN-SERt_c_m_FWD-YDR508C": 0.00365097499, "RXN-SQLt_c_r_FWD-SPONT": 0.00738005339, "RXN-SSQ23EPXt_c_r_FWD-SPONT": 0.00738005339, "RXN-TTCCOAt_c_r_FWD-SPONT": 0.00042501392, "RXN-VALt_c_m_REV-SPONT": 0.03079456946, "RXN-H2Ot_c_r_REV-SPONT": 0.00857009235, "RXN-H2Ot_c_m_REV-SPONT": 2.02310487578, "RXN-H2Ot_c_n_FWD-SPONT": 0.76442141097, "RXN-COAt_c_l_FWD-SPONT": 2.778e-07, "RXN-Ht_c_m_FWD-SPONT": 13.08312704304, "RXN-OCDCAt_c_rm_FWD-SPONT": 1.0026e-07, "RXN-MALCOAt_c_rm_FWD-SPONT": 0.00297509741, "RXN-PMTCOAt_c_rm_FWD-SPONT": 0.01970454817, "RXN-HDCOAt_c_rm_FWD-SPONT": 1.67e-07, "RXN-STCOAt_c_rm_FWD-SPONT": 0.00767002421, "RXN-ODECOAt_c_rm_FWD-SPONT": 1.108e-07, "RXN-TTCCOAt_c_rm_REV-SPONT": 0.00042501392, "RXN-HXCCOAt_c_rm_REV-SPONT": 0.00042501392, "RXN-Ht_c_rm_FWD-SPONT": 0.00375415305, "RXN-H2Ot_c_rm_REV-SPONT": 0.04391768154, "RXN-CO2t_c_rm_REV-SPONT": 0.00297509741, "RXN-COAt_c_rm_REV-SPONT": 0.02949991976, "RXN-NADPHt_c_rm_FWD-SPONT": 0.00595019482, "RXN-NADPt_c_rm_REV-SPONT": 0.00595019482, "RXN-O2t_c_rm_FWD-SPONT": 0.02047129206, "RXN-NADHt_c_rm_FWD-SPONT": 0.02047129206, "RXN-NADt_c_rm_REV-SPONT": 0.02047129206, "RXN-GLYC3Pt_c_rm_FWD-SPONT": 0.01158873461, "RXN-PPIt_c_rm_REV-SPONT": 0.0109232428, "RXN-CTPt_c_rm_FWD-SPONT": 0.01092314254, "RXN-CMPt_c_rm_REV-SPONT": 0.01092314254, "RXN-ATPt_c_rm_FWD-SPONT": 1.0026e-07, "RXN-AMPt_c_rm_REV-SPONT": 1.0026e-07, "RXN-INOSTt_c_rm_FWD-SPONT": 0.00237735483, "RXN-AMETt_c_rm_FWD-SPONT": 0.01709664354, "RXN-AHCYSt_c_rm_REV-SPONT": 0.01709664354, "RXN-ERGSTt_c_rm_REV-SPONT": 0.00587570552, "RXN-HDCAt_c_l_REV-SPONT": 6.188496e-05, "RXN-HDCEAt_c_l_REV-SPONT": 0.00018145195, "RXN-OCDCAt_c_l_REV-SPONT": 1.734528e-05, "RXN-OCDCEAt_c_l_REV-SPONT": 6.652565e-05, "RXN-HDCOAt_c_l_REV-SPONT": 1.67e-07, "RXN-ODECOAt_c_l_REV-SPONT": 1.108e-07, "RXN-ATPt_c_l_FWD-SPONT": 2.778e-07, "RXN-AMPt_c_l_REV-SPONT": 2.778e-07, "RXN-PPIt_c_l_REV-SPONT": 2.778e-07, "RXN-H2Ot_c_l_FWD-SPONT": 0.00032748563, "RXN-H2Ot_c_gm_FWD-SPONT": 0.00066559207, "RXN-PIt_c_gm_REV-SPONT": 0.00066559207, "RXN-CO2t_c_mm_REV-SPONT": 0.0072304212, "RXN-ERGSTt_r_rm_FWD-SPONT": 0.00738005339, "RXN-Ht_m_mm_FWD-SPONT": 0.01446084239, "RXN-HEMEAt_c_m_FWD-SPONT": 1.8472e-07, "RXN-FMNH_c_REV-YDL024C": 2.29689e-05, "RXN-NA1tabc_c_e_FWD-YDR039C": 0.51402212516, "RXN-PYDXR_c_FWD-YPR127W": 1.761952e-05, "RXN-CA2tps_c_e_FWD-YOL122C": 0.00023969561, "RXN-CUtps_c_e_FWD-YOL122C": 2.143865e-05, "RXN-MN2tps_c_e_FWD-YGR191W": 2.14497e-05, "RXN-ZN2tps_c_e_FWD-YGL255W": 0.00072666678, "RXN-MG2tps_c_e_FWD-YGR191W": 0.01196063596, "RXN-AGPAT_rm_FWD-YOR175C": 0.01158873461, "RXN-CDPDAGS_rm_FWD-YBR029C": 0.01092314254, "RXN-PSSA_rm_FWD-YER026C": 0.00854578771, "RXN-PAILS_rm_FWD-YPR113W": 0.00237735483, "RXN-PAP_gm_FWD-YDR503C": 0.00066559207, "RXN-DGAT_rm_FWD-YCR048W": 0.00184310553, "RXN-TAGL_l_FWD-YBR204C": 0.00032748563, "RXN-PSD_mm_FWD-YNL169C": 0.0072304212, "RXN-PEMT_rm_FWD-YJR073C": 0.00569888118, "RXN-PMEMT_rm_FWD-YJR073C": 0.00569888118, "RXN-PDMEMT_rm_FWD-YJR073C": 0.00569888118, "RXN-compCER_r_FWD-SPONT": 0.00085002783, "RXN-compACYLCOA_rm_FWD-SPONT": 0.02502057474, "RXN-compFALPD_l_REV-SPONT": 0.00032748563, "RXN-PAt_gm_rm_REV-SPONT": 0.00066559207, "RXN-DAGt_c_l_REV-SPONT": 0.00032748563, "RXN-DAGt_c_rm_FWD-SPONT": 0.00032748563, "RXN-DAGt_gm_rm_FWD-SPONT": 0.0015156199, "RXN-TAGt_c_rm_REV-SPONT": 0.0015156199, "RXN-TAGt_l_rm_REV-SPONT": 0.00032748563, "RXN-PSt_c_rm_REV-SPONT": 0.00131536651, "RXN-PSt_mm_rm_REV-SPONT": 0.0072304212, "RXN-PAILt_c_rm_REV-SPONT": 0.001527327, "RXN-PAILt_gm_rm_REV-SPONT": 0.00085002783, "RXN-CERt_g_r_FWD-SPONT": 0.00085002783, "RXN-PCt_c_rm_REV-SPONT": 0.00569888118, "RXN-PEt_c_rm_REV-SPONT": 0.00153154002, "RXN-PEt_mm_rm_FWD-SPONT": 0.0072304212, "RXN-DICAT6_c_FWD-SPONT": 8.57566e-06, "RXN-COBALT2t_c_e_FWD-SPONT": 1.983e-08, "RXN-NI2t_c_e_FWD-SPONT": 8.57566e-06, "RXN-HEME4_c_FWD-SPONT": 6.38677e-06, "RXN-ACHBS_m_FWD-ILV26": 0.05383262768, "RXN-IPPS_m_FWD-YNL104C_m": 0.05041628521, "RXN-ACLS_m_FWD-ILV26": 0.08121085467, "RXN-ACCOAC_c_FWD-YNR016C": 0.20821732312, "RXN-TRE6PS_c_FWD-TPS123": 0.00413823154, "RXN-ANS_c_FWD-TRP23": 0.01058064169, "RXN-ASPTA_c_FWD-YLR027C_c": 14.03935402005, "RXN-CBPS_c_FWD-CPA12": 0.05108940893, "RXN-CERS124_r_FWD-LIP1LAG1": 0.00042501392, "RXN-CERS126_r_FWD-LIP1LAG1": 0.00042501392, "RXN-ACONTb_m_FWD-YLR304C_m": 0.00846386797, "RXN-ACONTa_m_FWD-YLR304C_m": 0.00846386797, "RXN-ACONTa_c_FWD-YLR304C_c": 0.14540123134, "RXN-LNS14DMy_c_FWD-ERG11NCP1": 0.00738005339, "RXN-DHFRi_c_FWD-YOR236W_c": 0.00071505065, "RXN-DOLPMMT_r_FWD-PMT35": 0.11035083832, "RXN-FECOOR_m_FWD-FECOORCPLX1": 1.10043288618, "RXN-FECRq6_m_FWD-FECRq6CPLX": 2.20086577236, "RXN-FUM_c_FWD-YPL262W_c": 0.09888463506, "RXN-GLYCL_m_FWD-GCV123LPD1": 0.0273523168, "RXN-GLYGS_c_FWD-GSY2GLG2": 0.08255762271, "RXN-HOMOX_m_FWD-COX15ARH1YAH1": 1.8472e-07, "RXN-HISTRS_c_FWD-YPR033C_c": 0.03491042246, "RXN-AASADy_c_FWD-LYS25": 0.0369023688, "RXN-NADS2_c_FWD-YHR074W_c": 0.00112166436, "RXN-PHETRS_c_FWD-FRS12": 0.01624542517, "RXN-PAPSR_c_FWD-MET16TRX1": 0.05112325856, "RXN-PFK_c_FWD-PFK12": 8.15679562933, "RXN-PPCDC_c_FWD-CAB3SIS2": 3.515508e-05, "RXN-PRPPS_c_FWD-PRS12": 0.08825919909, "RXN-PDH_m_FWD-PDHCPLX": 0.37402637676, "RXN-SERAT_c_FWD-NATACPLX": 0.01675002282, "RXN-SERPT_r_FWD-LCB12": 0.00085002783, "RXN-SUCDq6_m_FWD-SDH9234": 0.02008611714, "RXN-SO3R_c_FWD-MET510": 0.05112325856, "RXN-TRDR_c_FWD-YDR353W": 0.05347973185, "RXN-TRE6PP_c_FWD-TPS123": 0.00413823154, "RXN-UMPK_c_FWD-YKL024C_c": 0.02008611714, "RXN-VALTRS_c_FWD-YGR094W_c": 0.03079456946, "RXN-lumpFACS160_c_FWD-FAS12": 0.020554576, "RXN-lumpFACS180_c_FWD-FAS12": 0.00767002421, "RXN-ACONTb_c_FWD-YLR304C_c": 0.14540123134, "RXN-SERt_c_r_FWD-YKR039W_rm": 0.00085002783, "RXN-SERt_c_rm_FWD-YKR039W_rm": 0.00854578771, "RXN-G3PAT_rm_FWD-YKR067W_rm": 0.01158873461, "RXN-IPCS_g_FWD-KEI1AUR1": 0.00085002783, "RXN-AKGDH_m_FWD-KGDCPLX": 5.4681e-05, "ENZSYN-GSC2RHO1": 6.6367e-07, "ENZSYN-YPR159W": 3.285e-08, "ENZSYN-YIL020C": 5.638e-08, "ENZSYN-YGL009C": 5.621e-07, "ENZSYN-YDR234W": 7.6279e-07, "ENZSYN-YOL064C": 2.4017e-07, "ENZSYN-YDR127W": 5.368e-08, "ENZSYN-YBR265W": 4.105e-08, "ENZSYN-YDR035W": 5.9008e-07, "ENZSYN-YCL018W": 2.0793e-07, "ENZSYN-YLR134W": 3.7935e-06, "ENZSYN-YCR053W": 1.393e-06, "ENZSYN-YGR061C": 4.4566e-07, "ENZSYN-YGL125W": 1.901e-08, "ENZSYN-YER091C": 9.2177e-06, "ENZSYN-YHR163W": 4.48845e-06, "ENZSYN-YLR355C": 3.8134e-07, "ENZSYN-YLR153C": 2.3802e-07, "ENZSYN-YER069W": 4.1614e-07, "ENZSYN-YOL140W": 1.03363e-06, "ENZSYN-YJR105W": 4.963e-08, "ENZSYN-YDR226W": 5.32e-08, "ENZSYN-YLR359W": 4.6771e-07, "ENZSYN-YNL220W": 4.3522e-07, "ENZSYN-YKL001C": 8.14443e-06, "ENZSYN-YOR335C": 1.01531e-06, "ENZSYN-YGL256W": 8.5869e-07, "ENZSYN-YPL061W": 5.7098e-07, "ENZSYN-YDR354W": 1.8854e-07, "ENZSYN-YOL058W": 4.5119e-07, "ENZSYN-YDR341C": 4.9756e-07, "ENZSYN-YPR145W": 1.1075e-06, "ENZSYN-YHR019C": 1.9738e-07, "ENZSYN-YER052C": 1.3492e-07, "ENZSYN-YKL106W": 1.29306e-06, "ENZSYN-YDR158W": 1.3826e-07, "ENZSYN-YLL018C": 2.0719e-07, "ENZSYN-YCL050C": 5.42954e-06, "ENZSYN-YER055C": 6.6816e-07, "ENZSYN-YNL280C": 5.88995e-06, "ENZSYN-YLR100W": 1.04487e-06, "ENZSYN-YGR060W": 7.704e-08, "ENZSYN-YGL012W": 5.5219e-07, "ENZSYN-YGL148W": 3.82549e-06, "ENZSYN-YNR001C": 7.0993e-07, "ENZSYN-YJR103W": 3.409e-08, "ENZSYN-YLR303W": 1.101e-08, "ENZSYN-YNL247W": 8.386e-08, "ENZSYN-YKL060C": 0.000101815, "ENZSYN-YMR113W": 4.955e-08, "ENZSYN-YLR420W": 2.4083e-07, "ENZSYN-YJR016C": 2.7914e-07, "ENZSYN-YJL167W": 9.5345e-07, "ENZSYN-YPR183W": 8.043e-08, "ENZSYN-YGR254W": 5.91583e-06, "ENZSYN-YDL045C": 4.5675e-07, "ENZSYN-YKL216W": 4.152e-08, "ENZSYN-YBR018C": 3.173e-08, "ENZSYN-YNL241C": 2.2176e-07, "ENZSYN-YBR196C": 8.2475e-07, "ENZSYN-YDR300C": 9.057e-08, "ENZSYN-YAL062W": 3.75074e-06, "ENZSYN-YOR323C": 1.178e-08, "ENZSYN-YPR035W": 1.65165e-06, "ENZSYN-YOR168W": 8.8917e-07, "ENZSYN-GUS1ARC1": 4.8803e-07, "ENZSYN-YJL052W": 2.941454e-05, "ENZSYN-YDR408C": 1.4855e-07, "ENZSYN-YLR058C": 3.2446e-07, "ENZSYN-YBR263W": 1.194e-08, "ENZSYN-YBR121C": 8.43836e-06, "ENZSYN-YMR217W": 5.6218e-07, "ENZSYN-YGR267C": 1.543e-08, "ENZSYN-YCL040W": 7.32819e-06, "ENZSYN-YJL200C": 2.69e-08, "ENZSYN-YIL094C": 1.1218e-07, "ENZSYN-YJR139C": 9.661e-08, "ENZSYN-YHR025W": 2.4376e-06, "ENZSYN-YNL277W": 2.947e-08, "ENZSYN-YLR450W": 4.945e-08, "ENZSYN-YML126C": 1.18841e-06, "ENZSYN-YBR248C": 2.653e-07, "ENZSYN-YOR202W": 6.9836e-07, "ENZSYN-YLR432W": 1.29804e-06, "ENZSYN-TRP23": 9.9197e-07, "ENZSYN-YBR011C": 3.5544e-07, "ENZSYN-YMR120C": 6.7866e-07, "ENZSYN-YLR174W": 2.857e-07, "ENZSYN-YBL076C": 2.139906e-05, "ENZSYN-YPL117C": 9.223e-08, "ENZSYN-YLR089C": 3.8779e-07, "ENZSYN-YPL160W": 5.2107e-07, "ENZSYN-YDR037W": 3.4672e-07, "ENZSYN-YKL085W": 4.08995e-06, "ENZSYN-YOL126C": 8.77e-08, "ENZSYN-YKL029C": 4.882e-08, "ENZSYN-YDL055C": 2.911e-08, "ENZSYN-YER003C": 2.8513e-07, "ENZSYN-YLR180W": 9.61e-08, "ENZSYN-MES1ARC1": 1.36637e-06, "ENZSYN-YMR208W": 1.84584e-06, "ENZSYN-YNR043W": 4.67e-07, "ENZSYN-YFL017C": 1.00824e-06, "ENZSYN-YMR062C": 9.252e-08, "ENZSYN-YDL085W": 2.2539e-07, "ENZSYN-YOR209C": 3.085e-08, "ENZSYN-YKL067W": 7.53386e-06, "ENZSYN-YML106W": 3.076e-08, "ENZSYN-YGL234W": 3.1834e-07, "ENZSYN-YEL058W": 7.116e-08, "ENZSYN-YMR105C": 7.283e-08, "ENZSYN-YGR256W": 1.58433e-06, "ENZSYN-YIL074C": 3.028e-08, "ENZSYN-YCR012W": 2.41299e-06, "ENZSYN-YOR283W": 2.11195e-06, "ENZSYN-YFL045C": 6.91216e-06, "ENZSYN-YMR220W": 2.2434e-07, "ENZSYN-YAR015W": 1.439e-08, "ENZSYN-YOR128C": 2.785e-08, "ENZSYN-YMR300C": 2.003e-08, "ENZSYN-YGR208W": 1.171e-08, "ENZSYN-YOR184W": 3.78247e-06, "ENZSYN-YGL040C": 1.664e-08, "ENZSYN-YBR166C": 7.384e-08, "ENZSYN-YHR020W": 1.8687e-07, "ENZSYN-YBR218C": 4.3504e-07, "ENZSYN-YOR347C": 4.45811e-06, "ENZSYN-RNR1234": 3.6264e-07, "ENZSYN-YOR095C": 2.927e-08, "ENZSYN-YJL121C": 1.983e-08, "ENZSYN-YIR034C": 1.0143e-07, "ENZSYN-YHR011W": 9.8097e-07, "ENZSYN-YGR175C": 5.01813e-06, "ENZSYN-YHR190W": 3.687e-08, "ENZSYN-YOR143C": 1.158e-08, "ENZSYN-YIL078W": 6.3061e-07, "ENZSYN-YOR074C": 5.186e-08, "ENZSYN-YGR043C": 6.89251e-06, "ENZSYN-YPR074C": 4.7896e-07, "ENZSYN-YDR050C": 7.463e-07, "ENZSYN-YGL026C": 2.5333e-07, "ENZSYN-YOL097C": 3.9054e-07, "ENZSYN-YGR185C": 3.194e-07, "ENZSYN-YDL103C": 1.357e-08, "ENZSYN-YDL131W": 3.09073e-06, "ENZSYN-YDL066W": 1.663e-08, "ENZSYN-YLR372W": 1.114e-08, "ENZSYN-YDL015C": 7.469e-08, "ENZSYN-YGL055W": 2.11578e-06, "ENZSYN-YOR175C": 1.774e-08, "ENZSYN-YBR029C": 6.328e-08, "ENZSYN-YPR113W": 3.7117e-07, "ENZSYN-YNL169C": 7.00575e-06, "ENZSYN-YJR073C": 3.086e-08, "ENZSYN-ILV26": 5.697e-08, "ENZSYN-YNL104C_m": 1.8893e-07, "ENZSYN-YNR016C": 6.4507e-07, "ENZSYN-YLR027C_c": 1.26393e-06, "ENZSYN-LIP1LAG1": 7.42e-07, "ENZSYN-YLR304C_c": 1.0487e-07, "ENZSYN-PMT35": 8.043e-08, "ENZSYN-FECOORCPLX1": 8.2e-08, "ENZSYN-FECRq6CPLX": 1.03394e-06, "ENZSYN-YPR033C_c": 4.51e-08, "ENZSYN-LYS25": 4.577e-08, "ENZSYN-MET16TRX1": 7.5482e-07, "ENZSYN-PFK12": 2.00721e-06, "ENZSYN-PRS12": 1.467e-08, "ENZSYN-PDHCPLX": 1.176e-08, "ENZSYN-NATACPLX": 1.221e-08, "ENZSYN-LCB12": 2.852e-08, "ENZSYN-SDH9234": 1.73e-08, "ENZSYN-MET510": 1.3182e-07, "ENZSYN-YDR353W": 6.324e-08, "ENZSYN-YKL024C_c": 2.4466e-07, "ENZSYN-YGR094W_c": 7.95677e-06, "ENZSYN-FAS12": 7.2927e-07, "ENZSYN-YKR067W_rm": 6.52357e-06, "ENZLOAD-13GS_c_FWD-GSC2RHO1": 6.6367e-07, "ENZLOAD-16GS_c_FWD-YPR159W": 3.285e-08, "ENZLOAD-PRMICI_c_FWD-YIL020C": 5.638e-08, "ENZLOAD-IPPMIb_c_REV-YGL009C": 2.8105e-07, "ENZLOAD-HCITR_m_FWD-YDR234W": 7.6279e-07, "ENZLOAD-BPNT_c_FWD-YOL064C": 2.4017e-07, "ENZLOAD-DHQTi_c_FWD-YDR127W": 1.074e-08, "ENZLOAD-DHQS_c_FWD-YDR127W": 1.074e-08, "ENZLOAD-3DSPHR_r_FWD-YBR265W": 4.105e-08, "ENZLOAD-DDPA_c_FWD-YDR035W": 5.9008e-07, "ENZLOAD-IPPMIa_c_REV-YGL009C": 2.8105e-07, "ENZLOAD-IPMD_c_FWD-YCL018W": 2.0793e-07, "ENZLOAD-PSCIT_c_FWD-YDR127W": 1.074e-08, "ENZLOAD-PRFGS_c_FWD-YGR061C": 4.4566e-07, "ENZLOAD-MTHFR3_c_FWD-YGL125W": 1.901e-08, "ENZLOAD-PGL_c_FWD-YHR163W": 4.48845e-06, "ENZLOAD-KARA1i_m_FWD-YLR355C": 2.2933e-07, "ENZLOAD-ACS_c_FWD-YLR153C": 2.3802e-07, "ENZLOAD-ACGK_m_FWD-YER069W": 2.0807e-07, "ENZLOAD-ACOTAi_m_FWD-YOL140W": 1.03363e-06, "ENZLOAD-ADNK1_c_FWD-YJR105W": 4.963e-08, "ENZLOAD-ADK1_c_FWD-YDR226W": 5.32e-08, "ENZLOAD-ADSL2i_c_FWD-YLR359W": 1.4855e-07, "ENZLOAD-ADSL1r_c_FWD-YLR359W": 3.1916e-07, "ENZLOAD-ADSS_c_FWD-YNL220W": 4.3522e-07, "ENZLOAD-ADSK_c_FWD-YKL001C": 8.14443e-06, "ENZLOAD-ALATRS_c_FWD-YOR335C": 1.01531e-06, "ENZLOAD-ALCD2i2_m_FWD-YGL256W": 8.5869e-07, "ENZLOAD-ALDD2y_c_FWD-YPL061W": 5.7098e-07, "ENZLOAD-ANPRT_c_FWD-YDR354W": 1.8854e-07, "ENZLOAD-ARGSS_c_FWD-YOL058W": 4.5119e-07, "ENZLOAD-ARGTRS_c_FWD-YDR341C": 4.9756e-07, "ENZLOAD-ASNS1_c_FWD-YPR145W": 1.1075e-06, "ENZLOAD-ASNTRS_c_FWD-YHR019C": 1.9738e-07, "ENZLOAD-ASPK_c_FWD-YER052C": 1.3492e-07, "ENZLOAD-ASPTAi_m_FWD-YKL106W": 1.29306e-06, "ENZLOAD-ASAD_c_FWD-YDR158W": 1.3826e-07, "ENZLOAD-ASPTRS_c_FWD-YLL018C": 2.0719e-07, "ENZLOAD-ATPPRT_c_FWD-YER055C": 6.6816e-07, "ENZLOAD-C14STR_c_FWD-YNL280C": 5.88995e-06, "ENZLOAD-C3STKR1_c_FWD-YLR100W": 5.2243e-07, "ENZLOAD-C3STKR2_c_FWD-YLR100W": 5.2243e-07, "ENZLOAD-C4STMO1_c_FWD-YGR060W": 1.926e-08, "ENZLOAD-C4STMO2_c_FWD-YGR060W": 1.926e-08, "ENZLOAD-C4STMO3_c_FWD-YGR060W": 1.926e-08, "ENZLOAD-C4STMO4_c_FWD-YGR060W": 1.926e-08, "ENZLOAD-C24STR_r_FWD-YGL012W": 5.5219e-07, "ENZLOAD-CHORS_c_FWD-YGL148W": 3.82549e-06, "ENZLOAD-CS_m_FWD-YNR001C": 7.0993e-07, "ENZLOAD-CTPS2_c_FWD-YJR103W": 3.409e-08, "ENZLOAD-CYSTRS_c_FWD-YNL247W": 8.386e-08, "ENZLOAD-DHFS_1_c_FWD-YMR113W": 4.955e-08, "ENZLOAD-DHORTS_c_REV-YLR420W": 2.4083e-07, "ENZLOAD-DHAD1_m_FWD-YJR016C": 1.6787e-07, "ENZLOAD-DHAD2_m_FWD-YJR016C": 1.1127e-07, "ENZLOAD-DMATT_c_FWD-YJL167W": 4.7672e-07, "ENZLOAD-DOLPMT_c_FWD-YPR183W": 8.043e-08, "ENZLOAD-ENO_c_FWD-YGR254W": 5.91583e-06, "ENZLOAD-AFAT_c_FWD-YDL045C": 4.5675e-07, "ENZLOAD-FBA_c_FWD-YKL060C": 0.000101815, "ENZLOAD-DHORDfum_c_FWD-YKL216W": 4.152e-08, "ENZLOAD-GALT_c_FWD-YBR018C": 1.586e-08, "ENZLOAD-GRTT_c_FWD-YJL167W": 4.7672e-07, "ENZLOAD-G6PDH2i_c_FWD-YNL241C": 2.2176e-07, "ENZLOAD-PGI_c_FWD-YBR196C": 8.2475e-07, "ENZLOAD-GLU5K_c_FWD-YDR300C": 9.057e-08, "ENZLOAD-GLUDy_c_FWD-YAL062W": 3.75074e-06, "ENZLOAD-G5SDy_c_FWD-YOR323C": 1.178e-08, "ENZLOAD-GLNS_c_FWD-YPR035W": 1.65165e-06, "ENZLOAD-GLNTRS_c_FWD-YOR168W": 8.8917e-07, "ENZLOAD-GLUTRS_c_FWD-GUS1ARC1": 4.8803e-07, "ENZLOAD-GAPD_c_FWD-YJL052W": 2.941454e-05, "ENZLOAD-GARFT_c_FWD-YDR408C": 1.4855e-07, "ENZLOAD-GHMT2r_c_FWD-YLR058C": 3.2446e-07, "ENZLOAD-GHMT2r_m_FWD-YBR263W": 1.194e-08, "ENZLOAD-GLYTRS_c_FWD-YBR121C": 8.43836e-06, "ENZLOAD-GMPS2_c_FWD-YMR217W": 5.6218e-07, "ENZLOAD-GTPCI_c_FWD-YGR267C": 1.543e-08, "ENZLOAD-HEX1_c_FWD-YCL040W": 7.32819e-06, "ENZLOAD-HACNH_m_FWD-YJL200C": 2.69e-08, "ENZLOAD-HICITD_m_FWD-YIL094C": 1.1218e-07, "ENZLOAD-HSDx_c_FWD-YJR139C": 9.661e-08, "ENZLOAD-HSK_c_FWD-YHR025W": 2.4376e-06, "ENZLOAD-HSERTA_c_FWD-YNL277W": 2.947e-08, "ENZLOAD-HMGCOAR_c_FWD-YLR450W": 4.945e-08, "ENZLOAD-HMGCOAS_m_FWD-YML126C": 1.18841e-06, "ENZLOAD-IG3PS_c_FWD-YBR248C": 2.653e-07, "ENZLOAD-IGPDH_c_FWD-YOR202W": 6.9836e-07, "ENZLOAD-IMPD_c_FWD-YLR432W": 1.29804e-06, "ENZLOAD-IGPS_c_FWD-TRP23": 4.926e-08, "ENZLOAD-PPA_c_FWD-YBR011C": 3.5544e-07, "ENZLOAD-IMPC_c_FWD-YMR120C": 3.3933e-07, "ENZLOAD-ICDHy_c_FWD-YLR174W": 2.857e-07, "ENZLOAD-ILETRS_c_FWD-YBL076C": 2.139906e-05, "ENZLOAD-IPDDI_c_FWD-YPL117C": 9.223e-08, "ENZLOAD-KARA2i_m_FWD-YLR355C": 1.5202e-07, "ENZLOAD-ALATA_L_m_REV-YLR089C": 3.8779e-07, "ENZLOAD-LEUTRS_c_FWD-YPL160W": 5.2107e-07, "ENZLOAD-LYSTRS_c_FWD-YDR037W": 3.4672e-07, "ENZLOAD-MDH_m_FWD-YKL085W": 4.08995e-06, "ENZLOAD-MDH_c_REV-YOL126C": 8.77e-08, "ENZLOAD-ME2_m_FWD-YKL029C": 4.882e-08, "ENZLOAD-MAN1PT_c_FWD-YDL055C": 2.911e-08, "ENZLOAD-MAN6PI_c_REV-YER003C": 2.8513e-07, "ENZLOAD-METAT_c_FWD-YLR180W": 9.61e-08, "ENZLOAD-METS_c_FWD-YER091C": 9.2177e-06, "ENZLOAD-METTRS_c_FWD-MES1ARC1": 1.36637e-06, "ENZLOAD-MEVK1_c_FWD-YMR208W": 1.84584e-06, "ENZLOAD-DPMVD_c_FWD-YNR043W": 4.67e-07, "ENZLOAD-AGPRi_m_FWD-YER069W": 2.0807e-07, "ENZLOAD-ACGAM6PS_c_FWD-YFL017C": 1.00824e-06, "ENZLOAD-NADHq6_c_FWD-YDL085W": 2.2539e-07, "ENZLOAD-NAMNPP_c_FWD-YOR209C": 3.085e-08, "ENZLOAD-NDPK3_c_FWD-YKL067W": 3.8e-08, "ENZLOAD-NDPK1_c_FWD-YKL067W": 6.21834e-06, "ENZLOAD-NDPK2_c_FWD-YKL067W": 1.27109e-06, "ENZLOAD-ORNTACi_m_FWD-YMR062C": 9.252e-08, "ENZLOAD-ORPT_c_REV-YML106W": 3.076e-08, "ENZLOAD-PRAIS_c_FWD-YGL234W": 1.5917e-07, "ENZLOAD-ACGAMPM_c_FWD-YEL058W": 7.116e-08, "ENZLOAD-PGMT_c_FWD-YMR105C": 7.283e-08, "ENZLOAD-GND_c_FWD-YGR256W": 1.58433e-06, "ENZLOAD-PGCD_c_FWD-YIL074C": 3.028e-08, "ENZLOAD-PGK_c_FWD-YCR012W": 2.41299e-06, "ENZLOAD-PGM_c_FWD-YOR283W": 2.11195e-06, "ENZLOAD-PMANM_c_REV-YFL045C": 6.91216e-06, "ENZLOAD-PMEVK_c_FWD-YMR220W": 2.2434e-07, "ENZLOAD-PRASCSi_c_FWD-YAR015W": 1.439e-08, "ENZLOAD-AIRC1_c_FWD-YOR128C": 2.785e-08, "ENZLOAD-AICART_c_FWD-YMR120C": 3.3933e-07, "ENZLOAD-PRAGSi_c_FWD-YGL234W": 1.5917e-07, "ENZLOAD-GLUPRT_c_FWD-YMR300C": 2.003e-08, "ENZLOAD-PSP_L_c_FWD-YGR208W": 1.171e-08, "ENZLOAD-PSERT_c_FWD-YOR184W": 3.78247e-06, "ENZLOAD-PPBNGS_1_c_FWD-YGL040C": 1.664e-08, "ENZLOAD-PPND2_c_FWD-YBR166C": 7.384e-08, "ENZLOAD-PROTRS_c_FWD-YHR020W": 1.8687e-07, "ENZLOAD-PC_c_FWD-YBR218C": 4.3504e-07, "ENZLOAD-PYRDC_c_FWD-YLR134W": 3.7935e-06, "ENZLOAD-PYK_c_FWD-YOR347C": 4.45811e-06, "ENZLOAD-RNDR1_c_FWD-RNR1234": 8.491e-08, "ENZLOAD-RNDR3_c_FWD-RNR1234": 1.9312e-07, "ENZLOAD-RNDR2_c_FWD-RNR1234": 8.461e-08, "ENZLOAD-RPI_c_FWD-YOR095C": 2.927e-08, "ENZLOAD-RPE_c_FWD-YJL121C": 1.983e-08, "ENZLOAD-SACCD2_c_FWD-YIR034C": 1.0143e-07, "ENZLOAD-SERTRS_c_FWD-YHR011W": 9.8097e-07, "ENZLOAD-SHK3Di_c_FWD-YDR127W": 1.074e-08, "ENZLOAD-SHKK_c_FWD-YDR127W": 1.074e-08, "ENZLOAD-SQLEy_r_FWD-YGR175C": 5.01813e-06, "ENZLOAD-SQLS_c_FWD-YHR190W": 3.687e-08, "ENZLOAD-SLFAT_c_FWD-YCL050C": 5.42954e-06, "ENZLOAD-TMDPK_c_FWD-YOR143C": 1.158e-08, "ENZLOAD-THRS_c_FWD-YCR053W": 1.393e-06, "ENZLOAD-THRTRS_c_FWD-YIL078W": 6.3061e-07, "ENZLOAD-TMDS_c_FWD-YOR074C": 5.186e-08, "ENZLOAD-TALA_c_FWD-YGR043C": 6.89251e-06, "ENZLOAD-TKT1_c_FWD-YPR074C": 3.1632e-07, "ENZLOAD-TKT2_c_FWD-YPR074C": 1.6264e-07, "ENZLOAD-TPI_c_FWD-YDR050C": 7.463e-07, "ENZLOAD-TRPS1_c_FWD-YGL026C": 2.5333e-07, "ENZLOAD-TRPTRS_c_FWD-YOL097C": 3.9054e-07, "ENZLOAD-TYRTRS_c_FWD-YGR185C": 3.194e-07, "ENZLOAD-UAGDP_c_FWD-YDL103C": 1.357e-08, "ENZLOAD-UGLT_c_REV-YBR018C": 1.586e-08, "ENZLOAD-HCITS_m_FWD-YDL131W": 3.09073e-06, "ENZLOAD-ICDHyi_m_FWD-YDL066W": 1.663e-08, "ENZLOAD-ECOAR200_rm_FWD-YDL015C": 2.134e-08, "ENZLOAD-ECOAR220_rm_FWD-YDL015C": 2.134e-08, "ENZLOAD-ECOAR240_rm_FWD-YDL015C": 2.134e-08, "ENZLOAD-ECOAR260_rm_FWD-YDL015C": 1.067e-08, "ENZLOAD-ACOADS160_rm_FWD-YGL055W": 1.54787e-06, "ENZLOAD-ACOADS180_rm_FWD-YGL055W": 5.6792e-07, "ENZLOAD-AGPAT_rm_FWD-YOR175C": 1.774e-08, "ENZLOAD-CDPDAGS_rm_FWD-YBR029C": 6.328e-08, "ENZLOAD-PAILS_rm_FWD-YPR113W": 3.7117e-07, "ENZLOAD-PSD_mm_FWD-YNL169C": 7.00575e-06, "ENZLOAD-PEMT_rm_FWD-YJR073C": 1.029e-08, "ENZLOAD-PMEMT_rm_FWD-YJR073C": 1.029e-08, "ENZLOAD-PDMEMT_rm_FWD-YJR073C": 1.029e-08, "ENZLOAD-ACHBS_m_FWD-ILV26": 2.271e-08, "ENZLOAD-IPPS_m_FWD-YNL104C_m": 1.8893e-07, "ENZLOAD-ACLS_m_FWD-ILV26": 3.426e-08, "ENZLOAD-ACCOAC_c_FWD-YNR016C": 6.4507e-07, "ENZLOAD-ANS_c_FWD-TRP23": 9.4271e-07, "ENZLOAD-ASPTA_c_FWD-YLR027C_c": 1.26393e-06, "ENZLOAD-CERS124_r_FWD-LIP1LAG1": 3.71e-07, "ENZLOAD-CERS126_r_FWD-LIP1LAG1": 3.71e-07, "ENZLOAD-ACONTa_c_FWD-YLR304C_c": 5.243e-08, "ENZLOAD-DOLPMMT_r_FWD-PMT35": 8.043e-08, "ENZLOAD-FECOOR_m_FWD-FECOORCPLX1": 8.2e-08, "ENZLOAD-FECRq6_m_FWD-FECRq6CPLX": 1.03394e-06, "ENZLOAD-HISTRS_c_FWD-YPR033C_c": 4.51e-08, "ENZLOAD-AASADy_c_FWD-LYS25": 4.577e-08, "ENZLOAD-PAPSR_c_FWD-MET16TRX1": 7.5482e-07, "ENZLOAD-PFK_c_FWD-PFK12": 2.00721e-06, "ENZLOAD-PRPPS_c_FWD-PRS12": 1.467e-08, "ENZLOAD-PDH_m_FWD-PDHCPLX": 1.176e-08, "ENZLOAD-SERAT_c_FWD-NATACPLX": 1.221e-08, "ENZLOAD-SERPT_r_FWD-LCB12": 2.852e-08, "ENZLOAD-SUCDq6_m_FWD-SDH9234": 1.73e-08, "ENZLOAD-SO3R_c_FWD-MET510": 1.3182e-07, "ENZLOAD-TRDR_c_FWD-YDR353W": 6.324e-08, "ENZLOAD-UMPK_c_FWD-YKL024C_c": 2.4466e-07, "ENZLOAD-VALTRS_c_FWD-YGR094W_c": 7.95677e-06, "ENZLOAD-lumpFACS160_c_FWD-FAS12": 5.3109e-07, "ENZLOAD-lumpFACS180_c_FWD-FAS12": 1.9818e-07, "ENZLOAD-ACONTb_c_FWD-YLR304C_c": 5.243e-08, "ENZLOAD-G3PAT_rm_FWD-YKR067W_rm": 6.52357e-06, "RIBOSYN-rrna18s_c": 3.5245e-06, "RIBOSYN-rrna5s_c": 3.5245e-06, "RIBOSYN-rrna58s_c": 3.5245e-06, "RIBOSYN-rrna25s_c": 3.5245e-06, "RIBOSYN-ribonuc": 3.5245e-06, "PROSYN-Q0045": 8.2e-08, "PROSYN-Q0105": 2.06787e-06, "PROSYN-Q0250": 8.2e-08, "PROSYN-Q0275": 8.2e-08, "PROSYN-YAL062W": 2.250444e-05, "PROSYN-YAR015W": 1.439e-08, "PROSYN-YBL045C": 2.06787e-06, "PROSYN-YBL076C": 2.139906e-05, "PROSYN-YBR011C": 7.1088e-07, "PROSYN-YBR018C": 6.346e-08, "PROSYN-YBR029C": 1.2656e-07, "PROSYN-YBR084W": 1.108e-08, "PROSYN-YBR115C": 4.577e-08, "PROSYN-YBR121C": 1.687671e-05, "PROSYN-YBR166C": 7.384e-08, "PROSYN-YBR196C": 1.6495e-06, "PROSYN-YBR218C": 1.74017e-06, "PROSYN-YBR221C": 2.352e-08, "PROSYN-YBR248C": 2.653e-07, "PROSYN-YBR263W": 4.776e-08, "PROSYN-YBR265W": 4.105e-08, "PROSYN-YCL009C": 5.697e-08, "PROSYN-YCL018W": 4.1586e-07, "PROSYN-YCL040W": 7.32819e-06, "PROSYN-YCL050C": 5.42954e-06, "PROSYN-YCR012W": 2.41299e-06, "PROSYN-YCR053W": 1.393e-06, "PROSYN-YDL015C": 7.469e-08, "PROSYN-YDL045C": 4.5675e-07, "PROSYN-YDL055C": 2.911e-08, "PROSYN-YDL066W": 3.326e-08, "PROSYN-YDL067C": 8.2e-08, "PROSYN-YDL085W": 2.2539e-07, "PROSYN-YDL093W": 8.043e-08, "PROSYN-YDL103C": 1.357e-08, "PROSYN-YDL131W": 3.09073e-06, "PROSYN-YDR035W": 5.9008e-07, "PROSYN-YDR037W": 6.9345e-07, "PROSYN-YDR050C": 1.49261e-06, "PROSYN-YDR062W": 2.852e-08, "PROSYN-YDR127W": 1.0736e-07, "PROSYN-YDR158W": 2.7651e-07, "PROSYN-YDR178W": 1.73e-08, "PROSYN-YDR226W": 5.32e-08, "PROSYN-YDR234W": 7.6279e-07, "PROSYN-YDR300C": 9.057e-08, "PROSYN-YDR341C": 4.9756e-07, "PROSYN-YDR353W": 1.2648e-07, "PROSYN-YDR354W": 1.8854e-07, "PROSYN-YDR408C": 1.4855e-07, "PROSYN-YDR529C": 2.06787e-06, "PROSYN-YEL024W": 2.06787e-06, "PROSYN-YEL058W": 7.116e-08, "PROSYN-YER003C": 2.8513e-07, "PROSYN-YER052C": 1.3492e-07, "PROSYN-YER055C": 6.6816e-07, "PROSYN-YER069W": 4.1614e-07, "PROSYN-YER070W": 3.6264e-07, "PROSYN-YER090W": 1.98394e-06, "PROSYN-YER091C": 9.2177e-06, "PROSYN-YER099C": 1.467e-08, "PROSYN-YER178W": 2.352e-08, "PROSYN-YFL017C": 2.01648e-06, "PROSYN-YFL018C": 2.448e-08, "PROSYN-YFL045C": 1.382432e-05, "PROSYN-YFR030W": 2.6364e-07, "PROSYN-YFR033C": 2.06787e-06, "PROSYN-YGL009C": 5.621e-07, "PROSYN-YGL012W": 5.5219e-07, "PROSYN-YGL026C": 2.5333e-07, "PROSYN-YGL040C": 1.3311e-07, "PROSYN-YGL055W": 2.11578e-06, "PROSYN-YGL125W": 1.901e-08, "PROSYN-YGL148W": 1.530196e-05, "PROSYN-YGL154C": 4.577e-08, "PROSYN-YGL187C": 8.2e-08, "PROSYN-YGL191W": 8.2e-08, "PROSYN-YGL234W": 3.1834e-07, "PROSYN-YGL245W": 4.8803e-07, "PROSYN-YGL256W": 1.71738e-06, "PROSYN-YGR060W": 7.704e-08, "PROSYN-YGR061C": 4.4566e-07, "PROSYN-YGR094W_c": 7.95677e-06, "PROSYN-YGR175C": 5.01813e-06, "PROSYN-YGR180C": 3.6264e-07, "PROSYN-YGR183C": 2.06787e-06, "PROSYN-YGR185C": 6.388e-07, "PROSYN-YGR193C": 1.176e-08, "PROSYN-YGR204W": 1.402e-08, "PROSYN-YGR208W": 1.171e-08, "PROSYN-YGR240C": 8.02884e-06, "PROSYN-YGR254W": 1.183166e-05, "PROSYN-YGR256W": 3.16867e-06, "PROSYN-YGR264C": 1.36637e-06, "PROSYN-YGR267C": 1.5426e-07, "PROSYN-YHL003C": 7.42e-07, "PROSYN-YHR001W-A": 2.06787e-06, "PROSYN-YHR011W": 1.96194e-06, "PROSYN-YHR019C": 1.9738e-07, "PROSYN-YHR020W": 1.8687e-07, "PROSYN-YHR025W": 4.8752e-06, "PROSYN-YHR051W": 8.2e-08, "PROSYN-YHR163W": 4.48845e-06, "PROSYN-YHR190W": 3.687e-08, "PROSYN-YIL020C": 5.638e-08, "PROSYN-YIL066C": 3.6264e-07, "PROSYN-YIL074C": 3.028e-08, "PROSYN-YIL078W": 6.3061e-07, "PROSYN-YIL094C": 1.1218e-07, "PROSYN-YIL111W": 8.2e-08, "PROSYN-YIR034C": 1.0143e-07, "PROSYN-YJL026W": 3.6264e-07, "PROSYN-YJL045W": 1.73e-08, "PROSYN-YJL052W": 0.00011765818, "PROSYN-YJL121C": 1.983e-08, "PROSYN-YJL166W": 2.06787e-06, "PROSYN-YJL167W": 9.5345e-07, "PROSYN-YJR016C": 5.5828e-07, "PROSYN-YJR049C": 1.164e-08, "PROSYN-YJR073C": 3.086e-08, "PROSYN-YJR103W": 6.818e-08, "PROSYN-YJR105W": 4.963e-08, "PROSYN-YJR137C": 2.6364e-07, "PROSYN-YJR139C": 1.9322e-07, "PROSYN-YJR148W": 1.293e-08, "PROSYN-YKL001C": 8.14443e-06, "PROSYN-YKL024C_c": 2.4466e-07, "PROSYN-YKL029C": 4.882e-08, "PROSYN-YKL060C": 0.00020363, "PROSYN-YKL067W": 3.013542e-05, "PROSYN-YKL085W": 8.17989e-06, "PROSYN-YKL106W": 2.58613e-06, "PROSYN-YKL141W": 1.73e-08, "PROSYN-YKL181W": 1.467e-08, "PROSYN-YKL182W": 4.37564e-06, "PROSYN-YKL211C": 1.98394e-06, "PROSYN-YKL216W": 8.304e-08, "PROSYN-YKR067W_rm": 6.52357e-06, "PROSYN-YLL018C": 4.1438e-07, "PROSYN-YLL041C": 1.73e-08, "PROSYN-YLR027C_c": 2.52787e-06, "PROSYN-YLR038C": 8.2e-08, "PROSYN-YLR043C": 7.5482e-07, "PROSYN-YLR058C": 1.29784e-06, "PROSYN-YLR089C": 7.7558e-07, "PROSYN-YLR100W": 1.04487e-06, "PROSYN-YLR134W": 1.5174e-05, "PROSYN-YLR153C": 2.3802e-07, "PROSYN-YLR174W": 5.7139e-07, "PROSYN-YLR180W": 3.8438e-07, "PROSYN-YLR303W": 4.403e-08, "PROSYN-YLR304C_c": 1.0487e-07, "PROSYN-YLR342W": 6.6367e-07, "PROSYN-YLR355C": 3.8134e-07, "PROSYN-YLR359W": 1.87086e-06, "PROSYN-YLR372W": 1.114e-08, "PROSYN-YLR395C": 8.2e-08, "PROSYN-YLR420W": 2.4083e-07, "PROSYN-YLR432W": 5.19216e-06, "PROSYN-YLR450W": 4.945e-08, "PROSYN-YML106W": 6.152e-08, "PROSYN-YML126C": 1.18841e-06, "PROSYN-YMR062C": 1.8504e-07, "PROSYN-YMR105C": 7.283e-08, "PROSYN-YMR108W": 5.697e-08, "PROSYN-YMR113W": 4.955e-08, "PROSYN-YMR120C": 1.35732e-06, "PROSYN-YMR205C": 8.02884e-06, "PROSYN-YMR208W": 3.69169e-06, "PROSYN-YMR217W": 1.12436e-06, "PROSYN-YMR220W": 2.2434e-07, "PROSYN-YMR256C": 8.2e-08, "PROSYN-YMR296C": 2.852e-08, "PROSYN-YMR298W": 7.42e-07, "PROSYN-YMR300C": 2.003e-08, "PROSYN-YNL071W": 1.176e-08, "PROSYN-YNL104C_m": 3.7786e-07, "PROSYN-YNL169C": 1.40115e-05, "PROSYN-YNL220W": 8.7044e-07, "PROSYN-YNL241C": 2.2176e-07, "PROSYN-YNL247W": 1.6772e-07, "PROSYN-YNL277W": 2.947e-08, "PROSYN-YNL280C": 5.88995e-06, "PROSYN-YNR001C": 1.41986e-06, "PROSYN-YNR016C": 1.29013e-06, "PROSYN-YNR043W": 9.3399e-07, "PROSYN-YOL058W": 1.80478e-06, "PROSYN-YOL064C": 2.4017e-07, "PROSYN-YOL097C": 7.8109e-07, "PROSYN-YOL126C": 1.7541e-07, "PROSYN-YOL140W": 1.03363e-06, "PROSYN-YOR065W": 2.06787e-06, "PROSYN-YOR074C": 1.0372e-07, "PROSYN-YOR095C": 2.927e-08, "PROSYN-YOR128C": 2.785e-08, "PROSYN-YOR143C": 2.316e-08, "PROSYN-YOR168W": 8.8917e-07, "PROSYN-YOR175C": 1.774e-08, "PROSYN-YOR184W": 7.56495e-06, "PROSYN-YOR202W": 6.9836e-07, "PROSYN-YOR209C": 3.085e-08, "PROSYN-YOR321W": 8.043e-08, "PROSYN-YOR323C": 1.178e-08, "PROSYN-YOR335C": 1.01531e-06, "PROSYN-YOR347C": 1.783242e-05, "PROSYN-YPL061W": 5.7098e-07, "PROSYN-YPL117C": 9.223e-08, "PROSYN-YPL160W": 5.2107e-07, "PROSYN-YPL231W": 4.37564e-06, "PROSYN-YPL262W_c": 2.006e-08, "PROSYN-YPR033C_c": 4.51e-08, "PROSYN-YPR035W": 1.321319e-05, "PROSYN-YPR060C": 1.541e-08, "PROSYN-YPR074C": 9.5791e-07, "PROSYN-YPR113W": 3.7117e-07, "PROSYN-YPR145W": 1.1075e-06, "PROSYN-YPR159W": 3.285e-08, "PROSYN-YPR167C": 7.5482e-07, "PROSYN-YPR183W": 8.043e-08, "PROSYN-YPR191W": 2.06787e-06, "PROSYN-YDL040C": 1.221e-08, "PROSYN-YHR013C": 1.221e-08, "PROSYN-YJL200C": 2.69e-08, "PROSYN-YOR283W": 8.4478e-06, "PROSYN-YGR043C": 1.378501e-05, "PROSYN-YOR253W": 1.221e-08, "PROSYN-YPR165W": 6.6367e-07, "PROSYN-YGL105W": 1.8544e-06, "PROSYN-YMR116C": 3.5245e-06, "PROSYN-YGR214W": 3.5245e-06, "PROSYN-YOR293W": 3.5245e-06, "PROSYN-YDR025W": 3.5245e-06, "PROSYN-YOR369C": 3.5245e-06, "PROSYN-YDR064W": 3.5245e-06, "PROSYN-YCR031C": 3.5245e-06, "PROSYN-YOL040C": 3.5245e-06, "PROSYN-YMR143W": 3.5245e-06, "PROSYN-YML024W": 3.5245e-06, "PROSYN-YDR450W": 3.5245e-06, "PROSYN-YOL121C": 3.5245e-06, "PROSYN-YLR441C": 3.5245e-06, "PROSYN-YGL123W": 3.5245e-06, "PROSYN-YHL015W": 3.5245e-06, "PROSYN-YKR057W": 3.5245e-06, "PROSYN-YJL190C": 3.5245e-06, "PROSYN-YGR118W": 3.5245e-06, "PROSYN-YER074W": 3.5245e-06, "PROSYN-YGR027C": 3.5245e-06, "PROSYN-YGL189C": 3.5245e-06, "PROSYN-YKL156W": 3.5245e-06, "PROSYN-YOR167C": 3.5245e-06, "PROSYN-YLR388W": 3.5245e-06, "PROSYN-YNL178W": 3.5245e-06, "PROSYN-YLR287C-A": 3.5245e-06, "PROSYN-YLR167W": 3.5245e-06, "PROSYN-YJR145C": 3.5245e-06, "PROSYN-YJR123W": 3.5245e-06, "PROSYN-YPL090C": 3.5245e-06, "PROSYN-YOR096W": 3.5245e-06, "PROSYN-YBL072C": 3.5245e-06, "PROSYN-YPL081W": 3.5245e-06, "PROSYN-YLR075W": 3.5245e-06, "PROSYN-YPR102C": 3.5245e-06, "PROSYN-YEL054C": 3.5245e-06, "PROSYN-YDL082W": 3.5245e-06, "PROSYN-YKL006W": 3.5245e-06, "PROSYN-YLR029C": 3.5245e-06, "PROSYN-YIL133C": 3.5245e-06, "PROSYN-YKL180W": 3.5245e-06, "PROSYN-YOL120C": 3.5245e-06, "PROSYN-YBR084C-A": 3.5245e-06, "PROSYN-YPL220W": 3.5245e-06, "PROSYN-YMR242C": 3.5245e-06, "PROSYN-YBR191W": 3.5245e-06, "PROSYN-YLR061W": 3.5245e-06, "PROSYN-YBL087C": 3.5245e-06, "PROSYN-YGL031C": 3.5245e-06, "PROSYN-YOL127W": 3.5245e-06, "PROSYN-YLR344W": 3.5245e-06, "PROSYN-YHR010W": 3.5245e-06, "PROSYN-YGL103W": 3.5245e-06, "PROSYN-YFR032C-A": 3.5245e-06, "PROSYN-YOR063W": 3.5245e-06, "PROSYN-YGL030W": 3.5245e-06, "PROSYN-YDL075W": 3.5245e-06, "PROSYN-YBL092W": 3.5245e-06, "PROSYN-YPL143W": 3.5245e-06, "PROSYN-YER056C-A": 3.5245e-06, "PROSYN-YDL191W": 3.5245e-06, "PROSYN-YMR194W": 3.5245e-06, "PROSYN-YLR185W": 3.5245e-06, "PROSYN-YLR325C": 3.5245e-06, "PROSYN-YJL189W": 3.5245e-06, "PROSYN-YIL148W": 3.5245e-06, "PROSYN-YDL184C": 3.5245e-06, "PROSYN-YNL162W": 3.5245e-06, "PROSYN-YPR043W": 3.5245e-06, "PROSYN-YBR031W": 3.5245e-06, "PROSYN-YPL131W": 3.5245e-06, "PROSYN-YML073C": 3.5245e-06, "PROSYN-YGL076C": 3.5245e-06, "PROSYN-YHL033C": 3.5245e-06, "PROSYN-YGL147C": 3.5245e-06, "PROSYN-YLR340W": 3.5245e-06, "PROSYN-YDL081C": 3.5245e-06, "PROSYN-YDL130W": 3.5245e-06, "PROSYN-YOL039W": 3.5245e-06, "PROSYN-YDR382W": 3.5245e-06, "PROSYN-PROTDUMMY": 0.0008268534, "BIOSYN-BIODIL": 0.18603515625, "BIOSYN-PROTTOBIO": 0.0808960433, "BIOSYN-RNATOBIO": 0.01222005715, "BIOSYN-CARBTOBIO": 0.07206451478, "BIOSYN-PROTMODELED": 0.0444927475, "BIOSYN-PROTDUMMY": 0.0364032958, "BIOSYN-PROTCYT": 0.04190043873, "BIOSYN-PROTMITO": 0.00259230878, "BIOSYN-CARB": 0.07206451478, "BIOSYN-CARB1": 0.11035083832, "BIOSYN-CARB2": 0.1712403915, "BIOSYN-CARB3": 0.04506337788, "BIOSYN-CARB4": 0.0040484487, "BIOSYN-CARB5": 0.08255762271, "BIOSYN-CARB6": 0.00413823154, "BIOSYN-RNA": 0.01222005715, "BIOSYN-RNA1": 0.00438779917, "BIOSYN-RNA2": 0.00426376535, "BIOSYN-RNA3": 0.00438779919, "BIOSYN-RNA4": 0.0057136361, "BIOSYN-RNA5": 0.00183300857, "BIOSYN-RNA6": 0.00061100286, "BIOSYN-RNA7": 0.00354680686, "BIOSYN-LIPID": 0.01296665039, "BIOSYN-LIPID1": 0.0011005167, "BIOSYN-LIPID2": 0.00040383117, "BIOSYN-LIPID3": 0.00587570552, "BIOSYN-LIPID4": 6.188496e-05, "BIOSYN-LIPID5": 0.00018145195, "BIOSYN-LIPID6": 1.724502e-05, "BIOSYN-LIPID7": 6.652565e-05, "BIOSYN-LIPID8": 0.001527327, "BIOSYN-LIPID9": 0.00569888118, "BIOSYN-LIPID10": 0.00153154002, "BIOSYN-LIPID11": 0.00131536651, "BIOSYN-LIPID12": 0.0015156199, "BIOSYN-LIPID13": 0.00085002783, "BIOSYN-DNA": 0.00072553711, "BIOSYN-DNA1": 0.00070340607, "BIOSYN-DNA2": 0.00047482908, "BIOSYN-DNA3": 0.00047482957, "BIOSYN-DNA4": 0.00070340857, "BIOSYN-METAL": 0.00472529297, "BIOSYN-METAL1": 0.00023969561, "BIOSYN-METAL2": 2.119266e-05, "BIOSYN-METAL3": 0.00012387553, "BIOSYN-METAL4": 0.11251485997, "BIOSYN-METAL5": 0.01185571243, "BIOSYN-METAL6": 1.746031e-05, "BIOSYN-METAL7": 0.00029379498, "BIOSYN-COFACTOR": 0.00089296875, "BIOSYN-COFACTOR1": 3.510931e-05, "BIOSYN-COFACTOR2": 1.8475e-06, "BIOSYN-COFACTOR3": 1.8472e-07, "BIOSYN-COFACTOR4": 0.00048968858, "BIOSYN-COFACTOR5": 2.771814e-05, "BIOSYN-COFACTOR6": 0.00010532936, "BIOSYN-COFACTOR7": 0.0004989281, "BIOSYN-COFACTOR8": 0.00018293969, "BIOSYN-COFACTOR9": 1.164209e-05, "BIOSYN-COFACTOR10": 1.8397e-07, "BIOSYN-SO4": 0.00580978596, "BIOSYN-PI": 0.01957673114}, "metabolic_flux": "", "ribo_capacity_usage": 0, "proteome_capacity_usage": 0, "proteome_allocation": "", "proteome_allocation_by_rxns": "", "protein_mw": "", "enzyme_mw": ""}