rxnid,median
13GS_c,32.1970577427981,32.1970577427981,32.1970577427981,[32.1970577427981, 32.1970577427981]
16GS_c,14.24482472739897,14.24482472739897,14.24482472739897,[14.24482472739897, 14.24482472739897]
2OXOADPt_c_m,47.87649179648272,805.0569493836798,426.46672059008125,[805.0569493836798, 47.87649179648272]
3DSPHR_r,0.18019899656381233,0.18019899656381233,0.18019899656381233,[0.18019899656381233]
3HACD260_rm,175.6293110673405,175.6293110673405,175.6293110673405,[175.6293110673405]
3MOBDC_c,285.24742702449686,78209.297565609,1846.386847898814,[78209.297565609, 1846.386847898814, 285.24742702449686]
3OACE240_rm,0.1621963714643459,20.889942606969363,10.526069489216855,[20.889942606969363, 0.1621963714643459]
3OACE260_rm,20.889942606969363,20.889942606969363,20.889942606969363,[20.889942606969363]
3OACR260_rm,22.589752898296112,22.589752898296112,22.589752898296112,[22.589752898296112]
4ABTORy_c,309.7758210986026,309.7758210986026,309.7758210986026,[309.7758210986026]
5DPMIPPH_c,1.0561630931020676,1.0561630931020676,1.0561630931020676,[1.0561630931020676]
5OPROAH_c,11105.171763169177,11105.171763169177,11105.171763169177,[11105.171763169177]
6DPMIPPH_c,0.011078651010263207,1.0561630931020676,0.5336208720561654,[1.0561630931020676, 0.011078651010263207]
AASADy_c,1581.7600905013774,1581.7600905013774,1581.7600905013774,[1581.7600905013774]
AATA_c,5.695336496235256,17.03987438867545,5.695336496235256,[5.695336496235256, 17.03987438867545, 5.695336496235256]
ABTA_c,95.1929776344544,95.1929776344544,95.1929776344544,[95.1929776344544]
ABUTD_m,42.96092592990069,42.96092592990069,42.96092592990069,[42.96092592990069]
ACACT100i_x,855.2330578398867,855.2330578398867,855.2330578398867,[855.2330578398867]
ACACT120i_x,855.2330578398867,855.2330578398867,855.2330578398867,[855.2330578398867]
ACACT140i_x,855.2330578398867,855.2330578398867,855.2330578398867,[855.2330578398867]
ACACT160i_x,855.2330578398867,855.2330578398867,855.2330578398867,[855.2330578398867]
ACACT260i_x,855.2330578398867,855.2330578398867,855.2330578398867,[855.2330578398867]
ACACT40i_x,855.2330578398867,855.2330578398867,855.2330578398867,[855.2330578398867]
ACACT40ir_c,2.832342376678489,2.832342376678489,2.832342376678489,[2.832342376678489]
ACACT60i_x,855.2330578398867,855.2330578398867,855.2330578398867,[855.2330578398867]
ACACT80i_x,855.2330578398867,855.2330578398867,855.2330578398867,[855.2330578398867]
ACCOAC_c,8.437932245402086,8.437932245402086,8.437932245402086,[8.437932245402086]
ACGAM6PS_c,2.611548453701098,2.611548453701098,2.611548453701098,[2.611548453701098]
ACGAMPM_c,0.8659418636538856,0.8659418636538856,0.8659418636538856,[0.8659418636538856]
ACGK_m,34.96889479860541,34.96889479860541,34.96889479860541,[34.96889479860541]
ACHBS_m,8.260407501676209,8.260407501676209,8.260407501676209,[8.260407501676209]
ACHLE2_c,5.157903412889069,5.157903412889069,5.157903412889069,[5.157903412889069]
ACLS_m,8.260407501676209,8.260407501676209,8.260407501676209,[8.260407501676209]
ACOADS180_rm,0.6192622486303286,0.6192622486303286,0.6192622486303286,[0.6192622486303286]
ACOAHi_m,19.146949457823183,19.146949457823183,19.146949457823183,[19.146949457823183]
ACOAO100_x,34434.231434220215,34434.231434220215,34434.231434220215,[34434.231434220215]
ACOAO120_x,34434.231434220215,34434.231434220215,34434.231434220215,[34434.231434220215]
ACOAO140_x,34434.231434220215,34434.231434220215,34434.231434220215,[34434.231434220215]
ACOAO160_x,34434.231434220215,34434.231434220215,34434.231434220215,[34434.231434220215]
ACOAO260_x,34434.231434220215,34434.231434220215,34434.231434220215,[34434.231434220215]
ACOAO40_x,34434.231434220215,34434.231434220215,34434.231434220215,[34434.231434220215]
ACOAO60_x,34434.231434220215,34434.231434220215,34434.231434220215,[34434.231434220215]
ACOAO80_x,34434.231434220215,34434.231434220215,34434.231434220215,[34434.231434220215]
ACONTa_c,2150146450.67693,2150146450.67693,2150146450.67693,[2150146450.67693]
ACONTa_m,25.031706782175092,25.031706782175092,25.031706782175092,[25.031706782175092]
ACONTb_c,2150146450.67693,2150146450.67693,2150146450.67693,[2150146450.67693]
ACONTb_m,25.031706782175092,25.031706782175092,25.031706782175092,[25.031706782175092]
ACOTAi_m,49.15686860855756,49.15686860855756,49.15686860855756,[49.15686860855756]
ACS_c,17.496446488682768,17.496446488682768,17.496446488682768,[17.496446488682768, 17.496446488682768]
ADA_c,0.7395123696696809,0.7395123696696809,0.7395123696696809,[0.7395123696696809]
ADK1_c,35.28280840684626,35.28280840684626,35.28280840684626,[35.28280840684626, 35.28280840684626]
ADK1_m,0.07094436405083629,0.07094436405083629,0.07094436405083629,[0.07094436405083629]
ADMDC_c,8.032084275725508e-08,8.032084275725508e-08,8.032084275725508e-08,[8.032084275725508e-08]
ADNCYC_c,5.157903412889071,5.157903412889071,5.157903412889071,[5.157903412889071]
ADNK1_c,0.4508818201227776,0.4508818201227776,0.4508818201227776,[0.4508818201227776]
ADPATPt_c_m,267.97935133347147,267.97935133347147,267.97935133347147,[267.97935133347147]
ADPRIB1P_c,3.032772388554242e-16,3.032772388554242e-16,3.032772388554242e-16,[3.032772388554242e-16]
ADPT_c,1.3429469558073925e-08,1.3429469558073925e-08,1.3429469558073925e-08,[1.3429469558073925e-08, 1.3429469558073925e-08]
ADSK_c,1.9011593620561424,1.9011593620561424,1.9011593620561424,[1.9011593620561424]
ADSL1r_c,11.378605279425702,11.378605279425702,11.378605279425702,[11.378605279425702]
ADSL2i_c,11.378605279425702,11.378605279425702,11.378605279425702,[11.378605279425702]
ADSS_c,3.5839411767237723,3.5839411767237723,3.5839411767237723,[3.5839411767237723]
AFAT_c,0.0363747161691418,0.0363747161691418,0.0363747161691418,[0.0363747161691418]
AGPAT_l,40.268484347021136,851.8310963305406,803.6871211749417,[40.268484347021136, 803.6871211749417, 851.8310963305406]
AGPAT_rm,0.3753899224131755,40.268484347021136,20.321937134717157,[40.268484347021136, 0.3753899224131755]
AGPRi_m,34.96889479860541,34.96889479860541,34.96889479860541,[34.96889479860541]
AHCi_c,0.22784723716866995,0.22784723716866995,0.22784723716866995,[0.22784723716866995]
AHSERL2_c,0.946281295391133,0.946281295391133,0.946281295391133,[0.946281295391133]
AICART_c,4.263005566482293,32.08831798166461,18.17566177407345,[4.263005566482293, 32.08831798166461]
AIRC1_c,2.070977778706065,2.070977778706065,2.070977778706065,[2.070977778706065]
AKGCITta_m,1.500184404648159e-05,1.500184404648159e-05,1.500184404648159e-05,[1.500184404648159e-05]
AKGDH_m,90.9071996149999,90.9071996149999,90.9071996149999,[90.9071996149999]
AKGMALta_m,47.87649179648272,805.0569493836798,426.46672059008125,[805.0569493836798, 47.87649179648272]
AKP1_c,0.008681955335984636,0.008681955335984636,0.008681955335984636,[0.008681955335984636]
ALAS_m,0.05047587199197769,0.05047587199197769,0.05047587199197769,[0.05047587199197769]
ALATRS_c,4.730323974576731,4.730323974576731,4.730323974576731,[4.730323974576731]
ALAtps_e,0.006758743966326248,86728.25898612199,7733.3356149984165,[283.96558832264503, 0.006758743966326248, 15182.705641674189, 86728.25898612199]
ALCD2i1_c,5.157903412889071,5.157903412889071,5.157903412889071,[5.157903412889071]
ALCD2i2_c,463.87731026067564,463.87731026067564,463.87731026067564,[463.87731026067564, 463.87731026067564]
ALDD22x_c,1.2209238346440812e-08,309.7758210986026,1.2209238346440812e-08,[1.2209238346440812e-08, 309.7758210986026, 1.2209238346440812e-08]
ALDD2y_c,3.8589705184012884,3.8589705184012884,3.8589705184012884,[3.8589705184012884]
ALLTN_c,1.7417881069742224e-15,1.7417881069742224e-15,1.7417881069742224e-15,[1.7417881069742224e-15]
ALPHNH_c,6.785735802383436,6.785735802383436,6.785735802383436,[6.785735802383436]
AMAOTr_c,2.989618576854828e-16,2.989618576854828e-16,2.989618576854828e-16,[2.989618576854828e-16]
AMETt_c_m,1.24851087141841e-12,1.24851087141841e-12,1.24851087141841e-12,[1.24851087141841e-12]
ANPRT_c,36.27976938905308,36.27976938905308,36.27976938905308,[36.27976938905308]
ANS_c,25.197754825652616,25.197754825652616,25.197754825652616,[25.197754825652616]
AP4AH_c,1.2383376000256225,1.2383376000256225,1.2383376000256225,[1.2383376000256225]
APOOCT_m,1.3101987279683324e-15,1.3101987279683324e-15,1.3101987279683324e-15,[1.3101987279683324e-15]
ARGN_c,7.329982232323439,7.329982232323439,7.329982232323439,[7.329982232323439]
ARGSL_c,12.689078804360914,12.689078804360914,12.689078804360914,[12.689078804360914]
ARGSS_c,9.965165160877337,9.965165160877337,9.965165160877337,[9.965165160877337]
ARGTRS_c,3.8381237989623647,3.8381237989623647,3.8381237989623647,[3.8381237989623647]
ARGTRS_m,0.008574375787325048,0.008574375787325048,0.008574375787325048,[0.008574375787325048]
ARGt_c_v,5.15790341288907,5.15790341288907,5.15790341288907,[5.15790341288907]
ARGtpa_v,1.7416548496701991,1.7416548496701991,1.7416548496701991,[1.7416548496701991]
ASAD_c,14.500195751869516,14.500195751869516,14.500195751869516,[14.500195751869516]
ASNN_c,53.089404571578605,53.089404571578605,53.089404571578605,[53.089404571578605]
ASNS1_c,12.813607974216913,12.813607974216913,12.813607974216913,[12.813607974216913, 12.813607974216913]
ASNTRS_c,1.724893083934271,1.724893083934271,1.724893083934271,[1.724893083934271]
ASNtpa_v,1.0212454724206457,1.0212454724206457,1.0212454724206457,[1.0212454724206457]
ASNtps_v,9.775182930890626,10.919730807780558,10.347456869335591,[9.775182930890626, 10.919730807780558]
ASPCT_c,3.6122871607660576,3.6122871607660576,3.6122871607660576,[3.6122871607660576]
ASPK_c,30.133442522995463,30.133442522995463,30.133442522995463,[30.133442522995463]
ASPTA_c,33.352161174226865,33.352161174226865,33.352161174226865,[33.352161174226865]
ASPTRS_c,7.215495624865849,7.215495624865849,7.215495624865849,[7.215495624865849]
ATHRDHr_c,4.1991993258656224e-16,4.1991993258656224e-16,4.1991993258656224e-16,[4.1991993258656224e-16]
ATPASEP2e_c,18.116622821757886,18.116622821757886,18.116622821757886,[18.116622821757886, 18.116622821757886]
ATPASEVv_c,12.923250203531182,12.923250203531182,12.923250203531182,[12.923250203531182]
ATPATF1_c,5.15790341288907,5.15790341288907,5.15790341288907,[5.15790341288907]
ATPPRT_c,0.9280603887882877,0.9280603887882877,0.9280603887882877,[0.9280603887882877]
BPNT_c,3.437933348561547,3.437933348561547,3.437933348561547,[3.437933348561547]
BTS1_c,5.018081302193533e-16,5.018081302193533e-16,5.018081302193533e-16,[5.018081302193533e-16]
C22STDSy_c,2.7595571699398866,2.7595571699398866,2.7595571699398866,[2.7595571699398866]
C24STR_r,3.3508516674256272,3.3508516674256272,3.3508516674256272,[3.3508516674256272]
C5STDS_c,2.7072711796488282,2.7072711796488282,2.7072711796488282,[2.7072711796488282]
C8STI_c,1.1903492147118002,1.1903492147118002,1.1903492147118002,[1.1903492147118002]
CA2tps_c_e,46.93982598783958,46.93982598783958,46.93982598783958,[46.93982598783958]
CAT_c,3.189354457683498e-07,3.189354457683498e-07,3.189354457683498e-07,[3.189354457683498e-07]
CAT_x,15537.435883566153,15537.435883566153,15537.435883566153,[15537.435883566153]
CBL_c,48.52099393852894,48.52099393852894,48.52099393852894,[48.52099393852894]
CBPS_c,1.531114297034611,3.6122871607660576,2.571700728900334,[3.6122871607660576, 1.531114297034611]
CDPDAGS_rm,6.852740047736531,6.852740047736531,6.852740047736531,[6.852740047736531]
CERH124B_r,0.09670705043027195,0.09670705043027195,0.09670705043027195,[0.09670705043027195]
CERH126B_r,0.09670705043027195,0.09670705043027195,0.09670705043027195,[0.09670705043027195]
CERH2A24_r,0.09670705043027195,0.09670705043027195,0.09670705043027195,[0.09670705043027195]
CERH2A26_r,0.09670705043027195,0.09670705043027195,0.09670705043027195,[0.09670705043027195]
CERH324_r,0.09670705043027195,0.09670705043027195,0.09670705043027195,[0.09670705043027195]
CERH326_r,0.09670705043027195,0.09670705043027195,0.09670705043027195,[0.09670705043027195]
CERS124_r,0.670211061724282,23.973952703165722,12.322081882445001,[23.973952703165722, 0.670211061724282]
CERS126_r,0.670211061724282,23.973952703165722,12.322081882445001,[23.973952703165722, 0.670211061724282]
CERS2A24_r,0.670211061724282,23.973952703165722,12.322081882445001,[23.973952703165722, 0.670211061724282]
CERS2A26_r,0.670211061724282,23.973952703165722,12.322081882445001,[23.973952703165722, 0.670211061724282]
CHOLt_c_en,23.2299205286987,23.2299205286987,23.2299205286987,[23.2299205286987]
CHORM_c,33.631956235592945,33.631956235592945,33.631956235592945,[33.631956235592945]
CHORS_c,16.37222992527758,16.37222992527758,16.37222992527758,[16.37222992527758]
CHTNS_c,5.909120373965739,5.909120373965739,5.909120373965739,[5.909120373965739, 5.909120373965739, 5.909120373965739]
CITICITt_c_m,185.9963809333956,185.9963809333956,185.9963809333956,[185.9963809333956]
CITMALta_m,185.9963809333956,185.9963809333956,185.9963809333956,[185.9963809333956]
CMPt_m_mm,3.156873825692025e-16,3.156873825692025e-16,3.156873825692025e-16,[3.156873825692025e-16]
CRNOAT_c,5.15790341288907,5.15790341288907,5.15790341288907,[5.15790341288907]
CRNOAT_m,917.3053128524043,917.3053128524043,917.3053128524043,[917.3053128524043]
CS_m,60.80858927716358,60.80858927716358,60.80858927716358,[60.80858927716358, 60.80858927716358]
CS_x,20.463427615469982,20.463427615469982,20.463427615469982,[20.463427615469982]
CTPS2_c,3.3516785132329625,3.3516785132329625,3.3516785132329625,[3.3516785132329625, 3.3516785132329625]
CUtps_c_e,46.93982598783958,46.93982598783958,46.93982598783958,[46.93982598783958]
CYCCL_m,6.103393643165926e-16,6.103393643165926e-16,6.103393643165926e-16,[6.103393643165926e-16, 6.103393643165926e-16]
CYSGLYP_c,1285.6870775529896,1285.6870775529896,1285.6870775529896,[1285.6870775529896]
CYSS_c,0.946281295391133,0.946281295391133,0.946281295391133,[0.946281295391133]
CYSTGL_c,3.8496419766193983,3.8496419766193983,3.8496419766193983,[3.8496419766193983]
CYSTRS_c,2.695733179539231,2.695733179539231,2.695733179539231,[2.695733179539231]
CYSTS_c,5.15790341288907,5.15790341288907,5.15790341288907,[5.15790341288907]
DAGK_rm,5.157903412889069,5.157903412889069,5.157903412889069,[5.157903412889069]
DAGL_l,347.6711746415234,347.6711746415234,347.6711746415234,[347.6711746415234]
DCTPD_c,0.6981723920421006,0.6981723920421006,0.6981723920421006,[0.6981723920421006]
DCYTD_c,0.8711205602470329,0.8711205602470329,0.8711205602470329,[0.8711205602470329]
DDPA_c,3.0563080302899728,3.0563080302899728,3.0563080302899728,[3.0563080302899728, 3.0563080302899728]
DGAT_rm,2.5362045828061017,2.5362045828061017,2.5362045828061017,[2.5362045828061017]
DGPP_vm,5.157903412889069,5.157903412889069,5.157903412889069,[5.157903412889069]
DHAD1_m,9.822226125650397,9.822226125650397,9.822226125650397,[9.822226125650397]
DHAD2_m,9.822226125650397,9.822226125650397,9.822226125650397,[9.822226125650397]
DHAK_c,24.07005043008714,24.07005043008714,24.07005043008714,[24.07005043008714, 24.07005043008714]
DHFRi_c,1.1124331485925196,1.1124331485925196,1.1124331485925196,[1.1124331485925196]
DHFS_1_c,0.014752500586605695,0.014752500586605695,0.014752500586605695,[0.014752500586605695]
DHNPA2i_m,0.03717684319146362,0.03717684319146362,0.03717684319146362,[0.03717684319146362]
DHORDfum_c,6.811894034568247,6.811894034568247,6.811894034568247,[6.811894034568247]
DHORTS_c,4.162095361738431,4.162095361738431,4.162095361738431,[4.162095361738431]
DHPTS_m,0.03717684319146362,0.03717684319146362,0.03717684319146362,[0.03717684319146362]
DHQS_c,73.86940646100392,73.86940646100392,73.86940646100392,[73.86940646100392]
DHQTi_c,73.86940646100392,73.86940646100392,73.86940646100392,[73.86940646100392]
DKMPPD_c,5.2874860456264756e-08,5.2874860456264756e-08,5.2874860456264756e-08,[5.2874860456264756e-08]
DMATT_c,1.4775380119236496,1.4775380119236496,1.4775380119236496,[1.4775380119236496]
DNTPPY3_c,0.20611009112086395,0.20611009112086395,0.20611009112086395,[0.20611009112086395]
DOLPMMT_r,44.48428479068859,44.48428479068859,44.48428479068859,[44.48428479068859, 44.48428479068859, 44.48428479068859, 44.48428479068859]
DOLPMT_c,5.212016343676213,5.212016343676213,5.212016343676213,[5.212016343676213]
DPMVD_c,4.358357043029619,4.358357043029619,4.358357043029619,[4.358357043029619]
DPR_c,1.92595358352763e-08,1.92595358352763e-08,1.92595358352763e-08,[1.92595358352763e-08]
DTMPK_c,1.8272200157062108,1.8272200157062108,1.8272200157062108,[1.8272200157062108]
DUTPDP_c,0.0634797741946458,0.20611009112086395,0.13479493265775488,[0.0634797741946458, 0.20611009112086395]
ECOAH100_x,2377.3453724152337,2377.3453724152337,2377.3453724152337,[2377.3453724152337]
ECOAH120_x,2377.3453724152337,2377.3453724152337,2377.3453724152337,[2377.3453724152337]
ECOAH140_x,2377.3453724152337,2377.3453724152337,2377.3453724152337,[2377.3453724152337]
ECOAH160_x,2377.3453724152337,2377.3453724152337,2377.3453724152337,[2377.3453724152337]
ECOAH260_x,2377.3453724152337,2377.3453724152337,2377.3453724152337,[2377.3453724152337]
ECOAH40_x,2377.3453724152337,2377.3453724152337,2377.3453724152337,[2377.3453724152337]
ECOAH60_x,2377.3453724152337,2377.3453724152337,2377.3453724152337,[2377.3453724152337]
ECOAH80_x,2377.3453724152337,2377.3453724152337,2377.3453724152337,[2377.3453724152337]
ECOAI121b_x,3.0433648312451895,3.0433648312451895,3.0433648312451895,[3.0433648312451895]
ECOAI122c_x,3.0433648312451895,3.0433648312451895,3.0433648312451895,[3.0433648312451895]
ECOAI5d_x,5.157903412889068,5.157903412889068,5.157903412889068,[5.157903412889068]
ECOAR122_x,0.20484782697519752,0.20484782697519752,0.20484782697519752,[0.20484782697519752]
ECOAR260_rm,72.96947484427339,72.96947484427339,72.96947484427339,[72.96947484427339]
ENO_c,137.97252922423817,137.97252922423817,137.97252922423817,[137.97252922423817, 137.97252922423817, 137.97252922423817, 137.97252922423817]
ETFOXRq6_m,56.27717141161187,56.27717141161187,56.27717141161187,[56.27717141161187]
FACOAE161_x,31.694215431279336,31.694215431279336,31.694215431279336,[31.694215431279336]
FACOAL160_l,60.8798023396443,108.73261464542705,84.80620849253567,[60.8798023396443, 108.73261464542705]
FACOAL161_l,60.8798023396443,108.73261464542705,84.80620849253567,[60.8798023396443, 108.73261464542705]
FACOAL161_rm,60.8798023396443,108.73261464542705,84.80620849253567,[60.8798023396443, 108.73261464542705]
FACOAL180_l,60.8798023396443,108.73261464542705,84.80620849253567,[60.8798023396443, 108.73261464542705]
FACOAL180_rm,60.8798023396443,108.73261464542705,84.80620849253567,[60.8798023396443, 108.73261464542705]
FACOAL181_l,60.8798023396443,108.73261464542705,84.80620849253567,[60.8798023396443, 108.73261464542705]
FADH2t_c_m,684.7116582338064,684.7116582338064,684.7116582338064,[684.7116582338064]
FADt_c_m,684.7116582338064,684.7116582338064,684.7116582338064,[684.7116582338064]
FBA3_c,111.50963056174734,111.50963056174734,111.50963056174734,[111.50963056174734]
FBA_c,111.50963056174734,111.50963056174734,111.50963056174734,[111.50963056174734]
FBP2_c,0.7275819416099537,0.7275819416099537,0.7275819416099537,[0.7275819416099537, 0.7275819416099537]
FDH_c,107054.25677544046,107054.25677544046,107054.25677544046,[107054.25677544046]
FE2t_c_e,0.09432388688286647,0.09432388688286647,0.09432388688286647,[0.09432388688286647, 0.09432388688286647]
FE2t_c_m,0.012730379858634818,0.012730379858634818,0.012730379858634818,[0.012730379858634818, 0.012730379858634818]
FKYNH_c,131.51346602017196,131.51346602017196,131.51346602017196,[131.51346602017196]
FMNRx_c,0.006341257432282178,0.006341257432282178,0.006341257432282178,[0.006341257432282178]
FRD_c,1.131617568695391e-05,1.131617568695391e-05,1.131617568695391e-05,[1.131617568695391e-05]
FRD_m,9.521524402965043e-05,9.521524402965043e-05,9.521524402965043e-05,[9.521524402965043e-05]
FTHFL_c,122.06739933167015,122.06739933167015,122.06739933167015,[122.06739933167015]
FTHFL_m,533.9015600679747,533.9015600679747,533.9015600679747,[533.9015600679747]
FUM_c,65.04918927161611,65.04918927161611,65.04918927161611,[65.04918927161611]
FUM_m,154.68695805011342,154.68695805011342,154.68695805011342,[154.68695805011342]
G3PAT_l,473.87559258131455,473.87559258131455,473.87559258131455,[473.87559258131455]
G3PAT_rm,5.15790341288907,5.15790341288907,5.15790341288907,[5.15790341288907]
G3PD1i_m,7.176282522682454e-06,7.176282522682454e-06,7.176282522682454e-06,[7.176282522682454e-06]
G3PD1r_c,196.8379788264072,196.8379788264072,196.8379788264072,[196.8379788264072]
G3PDf_m,7.661951079768454e-05,7.661951079768454e-05,7.661951079768454e-05,[7.661951079768454e-05]
G3PT_c,12.74254725314615,12.74254725314615,12.74254725314615,[12.74254725314615, 12.74254725314615]
G5SDy_c,15.013777834606028,15.013777834606028,15.013777834606028,[15.013777834606028]
G6PDH2i_c,32.93264944909613,32.93264944909613,32.93264944909613,[32.93264944909613]
GALUi_c,235.12044916950933,235.12044916950933,235.12044916950933,[235.12044916950933]
GAPD_c,199.08982787473425,199.08982787473425,199.08982787473425,[199.08982787473425, 199.08982787473425, 199.08982787473425]
GARFT_c,5.168456641788655,5.168456641788655,5.168456641788655,[5.168456641788655]
GF6PTA_c,0.7498772240847436,0.7498772240847436,0.7498772240847436,[0.7498772240847436]
GHMT2r_c,36.87927867348436,36.87927867348436,36.87927867348436,[36.87927867348436]
GK1_c,1.1213660936051166,1.1213660936051166,1.1213660936051166,[1.1213660936051166]
GLCt_c_e,1558.8298493186862,1558.8298493186862,1558.8298493186862,[1558.8298493186862, 1558.8298493186862, 1558.8298493186862, 1558.8298493186862, 1558.8298493186862]
GLNS_c,306.4766209817649,306.4766209817649,306.4766209817649,[306.4766209817649]
GLNTRS_c,4.809854095337493,4.809854095337493,4.809854095337493,[4.809854095337493]
GLNtpa_v,1.0212454724206457,1.0212454724206457,1.0212454724206457,[1.0212454724206457]
GLNtps_v,9.775182930890626,10.919730807780558,10.347456869335591,[9.775182930890626, 10.919730807780558]
GLU5K_c,57.18264588194578,57.18264588194578,57.18264588194578,[57.18264588194578]
GLUCYS_c,2817.6005399030096,2817.6005399030096,2817.6005399030096,[2817.6005399030096]
GLUDC_c,105.93914256303607,105.93914256303607,105.93914256303607,[105.93914256303607]
GLUDy_c,31.29788585517303,31.29788585517303,31.29788585517303,[31.29788585517303]
GLUN_c,5.15790341288907,5.15790341288907,5.15790341288907,[5.15790341288907]
GLUPRT_c,2.8305374377177306,2.8305374377177306,2.8305374377177306,[2.8305374377177306]
GLUSx_c,579.2202007774199,579.2202007774199,579.2202007774199,[579.2202007774199]
GLUTRS_c,8.188569111343439,8.188569111343439,8.188569111343439,[8.188569111343439]
GLUt_c_m,282.99776431581375,282.99776431581375,282.99776431581375,[282.99776431581375, 282.99776431581375]
GLYCDy_c,48.59060715601469,48.59060715601469,48.59060715601469,[48.59060715601469]
GLYCL_m,68.04109475206535,68.04109475206535,68.04109475206535,[68.04109475206535]
GLYCt_e,11429.143000517643,11429.143000517643,11429.143000517643,[11429.143000517643]
GLYCtps_e,5.1579034128890715,5.1579034128890715,5.1579034128890715,[5.1579034128890715]
GLYGS_c,297.530326470299,297.530326470299,297.530326470299,[297.530326470299, 297.530326470299, 297.530326470299]
GLYOX_c,2.8008336562292718e-05,2.8008336562292718e-05,2.8008336562292718e-05,[2.8008336562292718e-05]
GLYTRS_c,6.318897458694013,6.318897458694013,6.318897458694013,[6.318897458694013, 6.318897458694013]
GLYt_c_m,197.20224369786547,197.20224369786547,197.20224369786547,[197.20224369786547, 197.20224369786547]
GLYtps_e,283.96558832264503,283.96558832264503,283.96558832264503,[283.96558832264503]
GND_c,9.079479985344781,9.079479985344781,9.079479985344781,[9.079479985344781, 9.079479985344781]
GPIA9_r,3.473603053735596e-16,3.473603053735596e-16,3.473603053735596e-16,[3.473603053735596e-16]
GRTT_c,1.4775380119236496,1.4775380119236496,1.4775380119236496,[1.4775380119236496]
GTHCT_c,6480.290073911816,6480.290073911816,6480.290073911816,[6480.290073911816]
GTHH_c,5.157903412889069,5.157903412889069,5.157903412889069,[5.157903412889069]
GTHO_c,4.94125693545751,4.94125693545751,4.94125693545751,[4.94125693545751, 4.94125693545751, 4.94125693545751]
GTHRDt_c_v,9.06441436029914e-16,9.06441436029914e-16,9.06441436029914e-16,[9.06441436029914e-16, 9.06441436029914e-16]
GTHS_c,3467.1317285211735,3467.1317285211735,3467.1317285211735,[3467.1317285211735]
GTPCI_c,0.02214727282900688,0.02214727282900688,0.02214727282900688,[0.02214727282900688]
HACD100i_x,2377.3453724152337,2377.3453724152337,2377.3453724152337,[2377.3453724152337]
HACD120i_x,2377.3453724152337,2377.3453724152337,2377.3453724152337,[2377.3453724152337]
HACD140i_x,2377.3453724152337,2377.3453724152337,2377.3453724152337,[2377.3453724152337]
HACD160i_x,2377.3453724152337,2377.3453724152337,2377.3453724152337,[2377.3453724152337]
HACD260i_x,2377.3453724152337,2377.3453724152337,2377.3453724152337,[2377.3453724152337]
HACD40i_x,2377.3453724152337,2377.3453724152337,2377.3453724152337,[2377.3453724152337]
HACD60i_x,2377.3453724152337,2377.3453724152337,2377.3453724152337,[2377.3453724152337]
HACD80i_x,2377.3453724152337,2377.3453724152337,2377.3453724152337,[2377.3453724152337]
HACNH_m,2.6670298900021154,11.572095749364903,7.11956281968351,[2.6670298900021154, 11.572095749364903]
HCITR_m,11.572095749364903,11.572095749364903,11.572095749364903,[11.572095749364903]
HCITS_m,2.084130922912862,2.084130922912862,2.084130922912862,[2.084130922912862]
HCO3E_c,173.03800030006698,173.03800030006698,173.03800030006698,[173.03800030006698]
HCYSMT_c,4.277960309978172,4.277960309978172,4.277960309978172,[4.277960309978172, 4.277960309978172]
HEMEOS_m,268.44337493211714,268.44337493211714,268.44337493211714,[268.44337493211714]
HETZK_c,2.050902111870329,2.050902111870329,2.050902111870329,[2.050902111870329]
HEX1_c,351.87672381235126,351.87672381235126,351.87672381235126,[351.87672381235126, 351.87672381235126, 351.87672381235126, 351.87672381235126]
HICITD_m,1.8307590954731623,1.8307590954731623,1.8307590954731623,[1.8307590954731623]
HISTD_c,1.606864518725446,1.606864518725446,1.606864518725446,[1.606864518725446]
HISTP_c,21.514384122959182,21.514384122959182,21.514384122959182,[21.514384122959182]
HISTRS_c,1.8584232889796342,1.8584232889796342,1.8584232889796342,[1.8584232889796342]
HMGCOAR_c,18.160623010600123,18.160623010600123,18.160623010600123,[18.160623010600123, 18.160623010600123]
HMGCOAS_c,2.818276402986791,2.818276402986791,2.818276402986791,[2.818276402986791]
HMPK1_c,0.2104308292778471,0.2104308292778471,0.2104308292778471,[0.2104308292778471]
HOMOX_m,66.30538567043725,66.30538567043725,66.30538567043725,[66.30538567043725]
HSDx_c,12.405726757180213,12.405726757180213,12.405726757180213,[12.405726757180213]
HSERTA_c,28.191174919988978,28.191174919988978,28.191174919988978,[28.191174919988978]
HSK_c,28.71216761556527,28.71216761556527,28.71216761556527,[28.71216761556527]
HSTPT_c,1.1675008324509741,1.1675008324509741,1.1675008324509741,[1.1675008324509741]
HXPRT_c,0.7490171651404254,0.7490171651404254,0.7490171651404254,[0.7490171651404254]
ICDHx_m,1.4384279405609509e-05,1.4384279405609509e-05,1.4384279405609509e-05,[1.4384279405609509e-05]
ICDHy_c,21369.50003025329,21369.50003025329,21369.50003025329,[21369.50003025329]
ICDHy_x,2.0133514081066464,2.0133514081066464,2.0133514081066464,[2.0133514081066464]
IG3PS_c,1.2060015593721376,1.2060015593721376,1.2060015593721376,[1.2060015593721376]
IGPDH_c,1.8544321285071723,1.8544321285071723,1.8544321285071723,[1.8544321285071723]
IGPS_c,25.197754825652616,25.197754825652616,25.197754825652616,[25.197754825652616]
ILETA_c,844.2787474782505,844.2787474782505,844.2787474782505,[844.2787474782505]
ILETRS_c,3.974734223640429,3.974734223640429,3.974734223640429,[3.974734223640429]
IMPC_c,4.263005566482293,32.08831798166461,18.17566177407345,[4.263005566482293, 32.08831798166461]
IMPD_c,2.0937513113914723,2.0937513113914723,2.0937513113914723,[2.0937513113914723, 2.0937513113914723, 2.0937513113914723]
INOSTtps_e,0.32580446241035543,0.32580446241035543,0.32580446241035543,[0.32580446241035543]
IPCS_g,2.285817200699648,2.285817200699648,2.285817200699648,[2.285817200699648]
IPDDI_c,2.5467554999829822,2.5467554999829822,2.5467554999829822,[2.5467554999829822]
IPK1_n,5.15790341288907,5.15790341288907,5.15790341288907,[5.15790341288907]
IPMD_c,5.278765806515896,5.278765806515896,5.278765806515896,[5.278765806515896]
IPPMIa_c,6.826306558117384,6.826306558117384,6.826306558117384,[6.826306558117384]
IPPMIb_c,6.826306558117384,6.826306558117384,6.826306558117384,[6.826306558117384]
IPPS_c,12.531899878214032,12.531899878214032,12.531899878214032,[12.531899878214032, 12.531899878214032]
IPPYP4_c,5.157903412889069,5.157903412889069,5.157903412889069,[5.157903412889069]
KARA1i_m,1.9062335907345573,1.9062335907345573,1.9062335907345573,[1.9062335907345573]
KARA2i_m,1.9062335907345573,1.9062335907345573,1.9062335907345573,[1.9062335907345573]
KYN_c,121.639890782954,121.639890782954,121.639890782954,[121.639890782954]
Ktps_e,814.092502081756,826.378190940133,820.2353465109445,[826.378190940133, 814.092502081756]
LALDO3_c,0.4367259675234011,2.2660497207694097,1.3513878441464053,[2.2660497207694097, 0.4367259675234011]
LCADi_c,2.2660497207694097,2.2660497207694097,2.2660497207694097,[2.2660497207694097]
LDHDf_c,0.8727899958513952,0.8727899958513952,0.8727899958513952,[0.8727899958513952]
LEUTA_c,844.2787474782505,844.2787474782505,844.2787474782505,[844.2787474782505]
LEUTRS_c,6.842163154708053,6.842163154708053,6.842163154708053,[6.842163154708053]
LEUtpa_v,1.0212454724206457,1.0212454724206457,1.0212454724206457,[1.0212454724206457]
LEUtps_v,9.775182930890626,10.919730807780558,10.347456869335591,[9.775182930890626, 10.919730807780558]
LGTHL_c,5.088949918020833e-05,5.088949918020833e-05,5.088949918020833e-05,[5.088949918020833e-05]
LLFC2O_c,22.683472395016967,22.683472395016967,22.683472395016967,[22.683472395016967]
LYSTRS_c,6.324038770159081,6.324038770159081,6.324038770159081,[6.324038770159081]
MAGL_l,42.468546910873336,42.468546910873336,42.468546910873336,[42.468546910873336]
MALS_c,5.9892575854480754e-05,5.9892575854480754e-05,5.9892575854480754e-05,[5.9892575854480754e-05, 5.9892575854480754e-05]
MAN1PT_c,1.1849763092684467,1.1849763092684467,1.1849763092684467,[1.1849763092684467]
MAN6PI_c,4.823015260322973,4.823015260322973,4.823015260322973,[4.823015260322973]
MDH_c,5429.99414142777,5429.99414142777,5429.99414142777,[5429.99414142777]
MDH_m,9.474250037320493,9.474250037320493,9.474250037320493,[9.474250037320493]
MDH_x,7.87671859900971,7.87671859900971,7.87671859900971,[7.87671859900971]
MDRPD_c,1.0440275777580734e-07,1.0440275777580734e-07,1.0440275777580734e-07,[1.0440275777580734e-07]
ME1_m,63.446316179455195,63.446316179455195,63.446316179455195,[63.446316179455195]
METAT_c,0.7642043539772786,0.7642043539772786,0.7642043539772786,[0.7642043539772786, 0.7642043539772786]
METB1_c,128.84013136896883,128.84013136896883,128.84013136896883,[128.84013136896883]
METS_c,0.1808396482763773,0.1808396482763773,0.1808396482763773,[0.1808396482763773]
METTRS_c,1.8777316659985834,1.8777316659985834,1.8777316659985834,[1.8777316659985834]
MEVK1_c,21.844942667647917,21.844942667647917,21.844942667647917,[21.844942667647917]
MEVK3_c,21.844942667647917,21.844942667647917,21.844942667647917,[21.844942667647917]
MG2t_c_m,2.0983856084918742e-07,2.0983856084918742e-07,2.0983856084918742e-07,[2.0983856084918742e-07, 2.0983856084918742e-07]
MG2tps_c_e,10.025999819051325,12.491768043935524,11.258883931493425,[12.491768043935524, 10.025999819051325]
MN2tps_c_e,12.491768043935524,12.491768043935524,12.491768043935524,[12.491768043935524]
MTAP_c,8.264623458682063e-08,8.264623458682063e-08,8.264623458682063e-08,[8.264623458682063e-08]
MTHFC_c,122.06739933167015,122.06739933167015,122.06739933167015,[122.06739933167015]
MTHFC_m,533.9015600679747,533.9015600679747,533.9015600679747,[533.9015600679747]
MTHFD2i_c,1.0781050388788154e-05,1.0781050388788154e-05,1.0781050388788154e-05,[1.0781050388788154e-05]
MTHFD_c,122.06739933167015,122.06739933167015,122.06739933167015,[122.06739933167015]
MTHFD_m,533.9015600679747,533.9015600679747,533.9015600679747,[533.9015600679747]
MTHFR3_c,3.6491977237214406,3.6491977237214406,3.6491977237214406,[3.6491977237214406, 3.6491977237214406]
MTMOHT_m,1.5617270014864825e-07,1.5617270014864825e-07,1.5617270014864825e-07,[1.5617270014864825e-07]
MTRI_c,5.1753976251296154e-08,5.1753976251296154e-08,5.1753976251296154e-08,[5.1753976251296154e-08]
NA1CLKt_c_v,1.2993674143452304e-15,1.2993674143452304e-15,1.2993674143452304e-15,[1.2993674143452304e-15]
NACt_c_e,5.642483222030353,5.642483222030353,5.642483222030353,[5.642483222030353]
NADHK1_c,9.91212426706235,102.08225269624457,55.99718848165346,[9.91212426706235, 102.08225269624457]
NADHq6_c,270.8681119686601,270.8681119686601,270.8681119686601,[270.8681119686601, 270.8681119686601]
NADHq6_m,532.799239690943,532.799239690943,532.799239690943,[532.799239690943]
NADK_c,9.91212426706235,102.08225269624457,55.99718848165346,[9.91212426706235, 102.08225269624457]
NADS2_c,0.4462521147999847,0.4462521147999847,0.4462521147999847,[0.4462521147999847]
NAMNPP_c,0.14598049286316686,0.14598049286316686,0.14598049286316686,[0.14598049286316686]
NAtpa_e,9.541271343552581e-17,826.378190940133,413.1890954700665,[826.378190940133, 9.541271343552581e-17]
NDP5_c,13.458242560725804,13.458242560725804,13.458242560725804,[13.458242560725804]
NDP7_g,5.15790341288907,5.15790341288907,5.15790341288907,[5.15790341288907]
NDPK1_c,440.51700244167023,440.51700244167023,440.51700244167023,[440.51700244167023]
NDPK2_c,440.51700244167023,440.51700244167023,440.51700244167023,[440.51700244167023]
NDPK3_c,440.51700244167023,440.51700244167023,440.51700244167023,[440.51700244167023]
NDPK4_c,440.51700244167023,440.51700244167023,440.51700244167023,[440.51700244167023]
NDPK5_c,440.51700244167023,440.51700244167023,440.51700244167023,[440.51700244167023]
NDPK7_c,440.51700244167023,440.51700244167023,440.51700244167023,[440.51700244167023]
NH4t_c_e,983.2265493953444,983.2265493953444,983.2265493953444,[983.2265493953444, 983.2265493953444, 983.2265493953444]
NNATi_c,3.0484847964834985,3.0484847964834985,3.0484847964834985,[3.0484847964834985, 3.0484847964834985]
NTD11_c,5.15790341288907,5.15790341288907,5.15790341288907,[5.15790341288907]
NTD2pp_c,96.4399514866393,96.4399514866393,96.4399514866393,[96.4399514866393]
NTP5_c,13.458242560725804,13.458242560725804,13.458242560725804,[13.458242560725804]
OAADC_c,216.4235497294662,216.4235497294662,216.4235497294662,[216.4235497294662]
OAAtps_m,24.28825997308881,24.28825997308881,24.28825997308881,[24.28825997308881]
OCBT_c,3.0428627998570286,3.0428627998570286,3.0428627998570286,[3.0428627998570286]
OHACT1_c,182.5468883057902,182.5468883057902,182.5468883057902,[182.5468883057902]
OMCDC_c,844.2787474782505,844.2787474782505,844.2787474782505,[844.2787474782505]
OMPDC_c,3.467213040505511,3.467213040505511,3.467213040505511,[3.467213040505511]
ORNTACi_m,34.38734849502581,34.38734849502581,34.38734849502581,[34.38734849502581]
ORNTA_c,113.46401683195937,113.46401683195937,113.46401683195937,[113.46401683195937]
ORNtpa_m,199.9756070382976,199.9756070382976,199.9756070382976,[199.9756070382976]
ORNtps_e,4.0929700027139045e-16,283.96558832264503,141.98279416132252,[283.96558832264503, 4.0929700027139045e-16]
ORPT_c,2.321087758189161,2.321087758189161,2.321087758189161,[2.321087758189161, 2.321087758189161]
P5CD_m,69.1376986303868,69.1376986303868,69.1376986303868,[69.1376986303868]
P5CR_c,63.99433595502113,63.99433595502113,63.99433595502113,[63.99433595502113]
PADPRGH_c,6.135367700267839e-16,6.135367700267839e-16,6.135367700267839e-16,[6.135367700267839e-16, 6.135367700267839e-16]
PAIL3K_vm,5.157903412889069,5.157903412889069,5.157903412889069,[5.157903412889069]
PAIL4K_en,5.15790341288907,5.15790341288907,5.15790341288907,[5.15790341288907, 5.15790341288907]
PAIL4K_gm,5.15790341288907,5.15790341288907,5.15790341288907,[5.15790341288907]
PAIL4K_n,41.85170766041323,41.85170766041323,41.85170766041323,[41.85170766041323]
PAILS_rm,0.4500451338950021,0.4500451338950021,0.4500451338950021,[0.4500451338950021]
PAPSR_c,5.165835455446101,5.165835455446101,5.165835455446101,[5.165835455446101]
PAP_gm,5.157903412889071,5.157903412889071,5.157903412889071,[5.157903412889071]
PAP_rm,473.05165721240473,473.05165721240473,473.05165721240473,[473.05165721240473]
PBAL_c,6.145858047867267e-08,6.145858047867267e-08,6.145858047867267e-08,[6.145858047867267e-08]
PC_c,294.43900336221736,294.43900336221736,294.43900336221736,[294.43900336221736, 294.43900336221736]
PDAGATpc_rm,1.9551701162183859,1.9551701162183859,1.9551701162183859,[1.9551701162183859]
PDE1_c,4.14278197590915,4.14278197590915,4.14278197590915,[4.14278197590915, 4.14278197590915]
PDH_m,228.07579402762062,228.07579402762062,228.07579402762062,[228.07579402762062]
PDMEMT_rm,5.097601560658926,5.097601560658926,5.097601560658926,[5.097601560658926]
PDX5POi_c,5.157903412889069,5.157903412889069,5.157903412889069,[5.157903412889069]
PEMT_rm,3.393674377136207,3.393674377136207,3.393674377136207,[3.393674377136207]
PFK_4_c,5.157903412889068,5.157903412889068,5.157903412889068,[5.157903412889068, 5.157903412889068]
PFK_c,3001.537293178271,3001.537293178271,3001.537293178271,[3001.537293178271]
PGCD_c,13.96805639059724,13.96805639059724,13.96805639059724,[13.96805639059724, 13.96805639059724]
PGI_c,871.1861908399674,871.1861908399674,871.1861908399674,[871.1861908399674]
PGK_c,114.81956219166436,114.81956219166436,114.81956219166436,[114.81956219166436]
PGL_c,36.70924189964408,36.70924189964408,36.70924189964408,[36.70924189964408, 36.70924189964408]
PGMT_c,54.02976205475503,102.37698212828731,78.20337209152117,[102.37698212828731, 54.02976205475503]
PGM_c,611.328377691676,611.328377691676,611.328377691676,[611.328377691676, 611.328377691676]
PHETA1_c,17.03987438867545,8746.038506317569,4381.539190353123,[8746.038506317569, 17.03987438867545]
PHETRS_c,7.0439587559660755,7.0439587559660755,7.0439587559660755,[7.0439587559660755]
PI35P5P_en,70.55481561662064,736.705015938148,403.6299157773843,[70.55481561662064, 736.705015938148]
PI3P5K_vm,5.157903412889068,5.157903412889068,5.157903412889068,[5.157903412889068]
PI3PP_en,70.55481561662064,736.705015938148,403.6299157773843,[70.55481561662064, 736.705015938148]
PI3PP_gm,5.157903412889068,5.157903412889068,5.157903412889068,[5.157903412889068]
PI3PP_rm,5.157903412889069,5.157903412889069,5.157903412889069,[5.157903412889069]
PI45P5P_c,16.17856870057295,736.705015938148,70.55481561662064,[16.17856870057295, 70.55481561662064, 736.705015938148]
PI45P5P_rm,5.15790341288907,5.15790341288907,5.15790341288907,[5.15790341288907]
PI4P5K_n,5.157903412889068,5.157903412889068,5.157903412889068,[5.157903412889068]
PI4PP_c,70.55481561662064,736.705015938148,403.6299157773843,[70.55481561662064, 736.705015938148]
PI4PP_gm,5.157903412889068,5.157903412889068,5.157903412889068,[5.157903412889068]
PI4PP_rm,5.157903412889069,5.157903412889069,5.157903412889069,[5.157903412889069]
PIt_c_en,231.69213171504953,288.5365770853177,260.11435440018363,[231.69213171504953, 288.5365770853177]
PIt_c_vm,68.82161444600722,68.82161444600722,68.82161444600722,[68.82161444600722]
PItps_e,68.82161444600722,288.5365770853177,231.69213171504953,[231.69213171504953, 68.82161444600722, 288.5365770853177]
PItps_m,116.95242973350007,116.95242973350007,116.95242973350007,[116.95242973350007, 116.95242973350007]
PLABlpc_rm,5.157903412889069,5.157903412889069,5.157903412889069,[5.157903412889069]
PLABlpi_en,3.228075008200473e-06,3.228075008200473e-06,3.228075008200473e-06,[3.228075008200473e-06]
PLABpi_en,3.228075008200473e-06,3.228075008200473e-06,3.228075008200473e-06,[3.228075008200473e-06]
PMANM_c,8.814448821443449,8.814448821443449,8.814448821443449,[8.814448821443449]
PMEMT_rm,5.097601560658926,5.097601560658926,5.097601560658926,[5.097601560658926]
PMEVK_c,20.2224535552322,20.2224535552322,20.2224535552322,[20.2224535552322]
PMI12346PS_c,5.157903412889069,5.157903412889069,5.157903412889069,[5.157903412889069]
PMI1346PH_c,1.0561630931020676,1.0561630931020676,1.0561630931020676,[1.0561630931020676]
PMI1346PS_c,5.157903412889069,5.157903412889069,5.157903412889069,[5.157903412889069]
PMPK_c,0.2104308292778471,0.2104308292778471,0.2104308292778471,[0.2104308292778471]
PNTK_c,0.016635022184005636,0.016635022184005636,0.016635022184005636,[0.016635022184005636]
PNTOtps_e,1.8931071666872716,1.8931071666872716,1.8931071666872716,[1.8931071666872716]
POLYAO3_c,4.6352887962005737e-07,4.6352887962005737e-07,4.6352887962005737e-07,[4.6352887962005737e-07]
PPA_c,16.84168557340165,16.84168557340165,16.84168557340165,[16.84168557340165]
PPA_m,5310.22063063768,5310.22063063768,5310.22063063768,[5310.22063063768]
PPCDC_c,0.07216985498710927,0.07216985498710927,0.07216985498710927,[0.07216985498710927, 0.07216985498710927]
PPM_c,4.167420211824737,102.37698212828731,54.02976205475503,[102.37698212828731, 4.167420211824737, 54.02976205475503]
PPNCL2_c,0.03268696451402747,0.03268696451402747,0.03268696451402747,[0.03268696451402747]
PPND2_c,16.559341900805133,16.559341900805133,16.559341900805133,[16.559341900805133]
PPNDH_c,31.8694780231619,31.8694780231619,31.8694780231619,[31.8694780231619]
PRAGSi_c,1.2983967837216948,1.2983967837216948,1.2983967837216948,[1.2983967837216948]
PRAIS_c,1.2983967837216948,1.2983967837216948,1.2983967837216948,[1.2983967837216948]
PRAIi_c,96.0567268533923,96.0567268533923,96.0567268533923,[96.0567268533923]
PRAMPC_c,1.606864518725446,1.606864518725446,1.606864518725446,[1.606864518725446]
PRASCSi_c,1.1646424089024006,1.1646424089024006,1.1646424089024006,[1.1646424089024006]
PRATPP_c,1.606864518725446,1.606864518725446,1.606864518725446,[1.606864518725446]
PRFGS_c,1.459507717338434,1.459507717338434,1.459507717338434,[1.459507717338434]
PRMICI_c,15.040804557466144,15.040804557466144,15.040804557466144,[15.040804557466144]
PROD2_m,402.5491792542665,402.5491792542665,402.5491792542665,[402.5491792542665]
PROTRS_c,2.9527394677591796,2.9527394677591796,2.9527394677591796,[2.9527394677591796]
PRPPS_c,14.359437954793394,14.359437954793394,14.359437954793394,[14.359437954793394, 14.359437954793394, 14.359437954793394, 14.359437954793394]
PSCIT_c,73.86940646100392,73.86940646100392,73.86940646100392,[73.86940646100392]
PSD_mm,5.122262227351156,5.122262227351156,5.122262227351156,[5.122262227351156]
PSD_vm,5.157903412889071,5.157903412889071,5.157903412889071,[5.157903412889071]
PSERT_c,68.82564343384261,68.82564343384261,68.82564343384261,[68.82564343384261]
PSPHS_r,0.9523547830325264,0.9523547830325264,0.9523547830325264,[0.9523547830325264]
PSP_L_c,185.867256206916,185.867256206916,185.867256206916,[185.867256206916]
PSSA_rm,1.9839272009507118,1.9839272009507118,1.9839272009507118,[1.9839272009507118]
PSt_gm_rm,7.784533662682671e-16,7.784533662682671e-16,7.784533662682671e-16,[7.784533662682671e-16, 7.784533662682671e-16]
PTPAT_c,0.015798244119705752,0.015798244119705752,0.015798244119705752,[0.015798244119705752]
PUNP5_c,1.7802287517785331,1.7802287517785331,1.7802287517785331,[1.7802287517785331]
PYDXNK_c,0.06024408127477739,0.06024408127477739,0.06024408127477739,[0.06024408127477739]
PYDXNO_c,5.157903412889069,5.157903412889069,5.157903412889069,[5.157903412889069]
PYDXNtps_e,0.8722006630595187,0.8722006630595187,0.8722006630595187,[0.8722006630595187]
PYDXR_c,4.117648161094902,4.117648161094902,4.117648161094902,[4.117648161094902]
PYK_c,514.5897986896688,514.5897986896688,514.5897986896688,[514.5897986896688, 514.5897986896688]
PYRDC2_c,285.24742702449686,78209.297565609,1846.386847898814,[78209.297565609, 1846.386847898814, 285.24742702449686]
PYRDC_c,285.24742702449686,78209.297565609,1846.386847898814,[78209.297565609, 1846.386847898814, 285.24742702449686]
PYRtps_m,87.23082702564845,87.23082702564845,87.23082702564845,[87.23082702564845, 87.23082702564845]
RBFK_c,0.00990835090880543,0.00990835090880543,0.00990835090880543,[0.00990835090880543]
RBK_c,5.157903412889068,5.157903412889068,5.157903412889068,[5.157903412889068]
RLFC2O_c,5.157903412889068,5.157903412889068,5.157903412889068,[5.157903412889068]
RLFC2O_m,9.652831895505258e-06,9.652831895505258e-06,9.652831895505258e-06,[9.652831895505258e-06]
RNDR1_c,0.6032794025247797,371.7054625875731,186.15437099504894,[371.7054625875731, 0.6032794025247797]
RNDR2_c,0.6032794025247797,371.7054625875731,186.15437099504894,[371.7054625875731, 0.6032794025247797]
RNDR3_c,0.6032794025247797,371.7054625875731,186.15437099504894,[371.7054625875731, 0.6032794025247797]
RPE_c,57.91312289545813,57.91312289545813,57.91312289545813,[57.91312289545813]
RPI_c,45.698933577202794,45.698933577202794,45.698933577202794,[45.698933577202794]
SACCD1_c,1.4374817644445337,1.4374817644445337,1.4374817644445337,[1.4374817644445337]
SACCD2_c,3.3233391668318424,3.3233391668318424,3.3233391668318424,[3.3233391668318424]
SADT_c,4.328885044703652,4.328885044703652,4.328885044703652,[4.328885044703652]
SAM24MT_c,0.24108361159314848,0.24108361159314848,0.24108361159314848,[0.24108361159314848]
SBPP1_r,5.157903412889071,5.157903412889071,5.157903412889071,[5.157903412889071]
SBPP2_r,5.157903412889071,5.157903412889071,5.157903412889071,[5.157903412889071]
SBP_c,31.454959084647108,31.454959084647108,31.454959084647108,[31.454959084647108]
SERAT_c,6.442908010339136,6.442908010339136,6.442908010339136,[6.442908010339136]
SERPT_r,0.11429039692256698,0.11429039692256698,0.11429039692256698,[0.11429039692256698, 0.11429039692256698]
SERTRS_c,4.464910609411131,4.464910609411131,4.464910609411131,[4.464910609411131, 4.464910609411131]
SHK3Di_c,73.86940646100392,73.86940646100392,73.86940646100392,[73.86940646100392]
SHKK_c,73.86940646100392,73.86940646100392,73.86940646100392,[73.86940646100392]
SHSL1_c,1.1730686708519811e-17,3.8496419766193983,1.1730686708519811e-17,[3.8496419766193983, 1.1730686708519811e-17, 1.1730686708519811e-17]
SLCBK1_r,1.0110215879764775,3.9874200889854525,2.499220838480965,[3.9874200889854525, 1.0110215879764775]
SLFAT_c,1.263210313670098,1.263210313670098,1.263210313670098,[1.263210313670098]
SO3R_c,2.772454491539733,2.772454491539733,2.772454491539733,[2.772454491539733]
SO4t_c_e,36.747141196804996,36.747141196804996,36.747141196804996,[36.747141196804996, 36.747141196804996]
SPHGLpK_r,1.0110215879764775,3.9874200889854525,2.499220838480965,[3.9874200889854525, 1.0110215879764775]
SPRMS_c,1.6509454383348036e-07,1.6509454383348036e-07,1.6509454383348036e-07,[1.6509454383348036e-07]
SSALy_c,37.380113546222745,37.380113546222745,37.380113546222745,[37.380113546222745]
STATg161_rm,0.44258221054838154,10.391967461973689,5.4172748362610355,[0.44258221054838154, 10.391967461973689]
STATg181_rm,0.44258221054838154,10.391967461973689,5.4172748362610355,[0.44258221054838154, 10.391967461973689]
SUCACCT_m,19.146949457823183,19.146949457823183,19.146949457823183,[19.146949457823183]
SUCCt2_m,1.6260933931926032,1.6260933931926032,1.6260933931926032,[1.6260933931926032]
SUCDq6_m,155.4493520784517,155.4493520784517,155.4493520784517,[155.4493520784517, 155.4493520784517]
SUCOAS_m,26.080608353860324,26.080608353860324,26.080608353860324,[26.080608353860324]
TALA_c,9.90754158260347,9.90754158260347,9.90754158260347,[9.90754158260347, 9.90754158260347]
THRA_c,55.57994492838541,55.57994492838541,55.57994492838541,[55.57994492838541]
THRS_c,9.113327554555864,9.113327554555864,9.113327554555864,[9.113327554555864]
THRTRS_c,3.591617124147401,3.591617124147401,3.591617124147401,[3.591617124147401]
THRt_c_m,0.00029915862532960727,0.00029915862532960727,0.00029915862532960727,[0.00029915862532960727]
TKT1_c,11.600001453588712,386.3907862922772,198.99539387293296,[386.3907862922772, 11.600001453588712]
TKT2_c,11.600001453588712,386.3907862922772,198.99539387293296,[386.3907862922772, 11.600001453588712]
TMDS_c,0.3132622854522122,0.3132622854522122,0.3132622854522122,[0.3132622854522122]
TMPPP_c,2.050902111870329,2.050902111870329,2.050902111870329,[2.050902111870329]
TPI_c,143.7912976520702,143.7912976520702,143.7912976520702,[143.7912976520702]
TRDR_c,1.9286761024454273,1.9286761024454273,1.9286761024454273,[1.9286761024454273]
TRE6PP_c,11.016303526125549,11.156144308127018,11.086223917126283,[11.156144308127018, 11.016303526125549]
TRE6PS_c,11.016303526125549,11.156144308127018,11.086223917126283,[11.156144308127018, 11.016303526125549]
TRPO2_c,161.78210440905406,161.78210440905406,161.78210440905406,[161.78210440905406]
TRPS1_c,4.147071809098139,4.147071809098139,4.147071809098139,[4.147071809098139]
TRPTRS_c,2.491323560725847,2.491323560725847,2.491323560725847,[2.491323560725847]
TYRTA_c,17.03987438867545,8746.038506317569,4381.539190353123,[8746.038506317569, 17.03987438867545]
TYRTRS_c,5.507048578997398,5.507048578997398,5.507048578997398,[5.507048578997398]
TYRt_c_v,5.157903412889069,5.157903412889069,5.157903412889069,[5.157903412889069]
TYRtpa_v,1.0212454724206457,1.0212454724206457,1.0212454724206457,[1.0212454724206457]
TYRtps_v,9.775182930890626,10.919730807780558,10.347456869335591,[9.775182930890626, 10.919730807780558]
UAGDP_c,1.012593959700305,1.012593959700305,1.012593959700305,[1.012593959700305]
UMPK_c,7.465813054145889,7.465813054145889,7.465813054145889,[7.465813054145889]
UNK3_c,13.139605245524645,8746.038506317569,430.65931093346296,[8746.038506317569, 844.2787474782505, 17.03987438867545, 13.139605245524645]
UPP3S_c,0.00729499624615639,0.00729499624615639,0.00729499624615639,[0.00729499624615639]
UPPRT_c,11.186684126637735,11.186684126637735,11.186684126637735,[11.186684126637735]
UREASE_c,6.785735802383436,6.785735802383436,6.785735802383436,[6.785735802383436]
URIDK2_n,5.157903412889066,5.157903412889066,5.157903412889066,[5.157903412889066]
URIH_c,4.918166045891592,4.918166045891592,4.918166045891592,[4.918166045891592]
VALTA_c,844.2787474782505,844.2787474782505,844.2787474782505,[844.2787474782505]
VALTA_m,13.139605245524645,13.139605245524645,13.139605245524645,[13.139605245524645]
VALTRS_c,5.083119337454925,5.083119337454925,5.083119337454925,[5.083119337454925]
XYLK_c,245.95540302414753,245.95540302414753,245.95540302414753,[245.95540302414753]
XYLTt_c_e,11429.143000517643,11429.143000517643,11429.143000517643,[11429.143000517643]
YUMPS_c,5.570625719827237e-16,5.570625719827237e-16,5.570625719827237e-16,[5.570625719827237e-16, 5.570625719827237e-16, 5.570625719827237e-16, 5.570625719827237e-16]
ZN2tps_c_e,2.65343960532853,2.65343960532853,2.65343960532853,[2.65343960532853]
lumpFACS160_c,1.8445843073570667,1.8445843073570667,1.8445843073570667,[1.8445843073570667]
