{"ce": {"pH": 7.0, "ionicStr": 0.0, "symbol": "ce", "name": "cell envelope", "c_max": 0.05, "c_min": 1e-06, "membranePot": {"c": 0, "m": 0, "mm": 0, "v": 0, "vm": 0, "p": 0, "e": 0, "g": 0, "gm": 0, "er": 0, "erm": 0, "n": 0, "lp": 0, "ce": 0, "im": 0}}, "c": {"pH": 7.0, "ionicStr": 0.25, "symbol": "c", "name": "cytoplasm", "c_max": 0.05, "c_min": 1e-06, "membranePot": {"c": 0, "m": -180, "mm": -180, "v": 0, "vm": 0, "p": 0, "e": 60, "g": 0, "gm": 0, "er": 0, "erm": 0, "n": -15, "lp": 0, "ce": 0, "im": 0}}, "e": {"pH": 5.0, "ionicStr": 0.0, "symbol": "e", "name": "extracellular", "c_max": 0.1, "c_min": 1e-08, "membranePot": {"c": -60, "m": 0, "mm": 0, "v": 0, "vm": 0, "p": 0, "e": 0, "g": 0, "gm": 0, "er": 0, "erm": 0, "n": 0, "lp": 0, "ce": 0, "im": 0}}, "m": {"pH": 7.5, "ionicStr": 0.25, "symbol": "m", "name": "mitochondrion", "c_max": 0.05, "c_min": 1e-06, "membranePot": {"c": 180, "m": 0, "mm": 0, "v": 0, "vm": 0, "p": 0, "e": 0, "g": 0, "gm": 0, "er": 0, "erm": 0, "n": 0, "lp": 0, "ce": 0, "im": 0}}, "n": {"pH": 7.0, "ionicStr": 0.0, "symbol": "n", "name": "nucleus", "c_max": 0.05, "c_min": 1e-06, "membranePot": {"c": 15, "m": 0, "mm": 0, "v": 0, "vm": 0, "p": 0, "e": 0, "g": 0, "gm": 0, "er": 0, "erm": 0, "n": 0, "lp": 0, "ce": 0, "im": 0}}, "p": {"pH": 8.2, "ionicStr": 0.0, "symbol": "p", "name": "peroxisome", "c_max": 0.05, "c_min": 1e-06, "membranePot": {"c": 0, "m": 0, "mm": 0, "v": 0, "vm": 0, "p": 0, "e": 0, "g": 0, "gm": 0, "er": 0, "erm": 0, "n": 0, "lp": 0, "ce": 0, "im": 0}}, "er": {"pH": 7.2, "ionicStr": 0.0, "symbol": "er", "name": "endoplasmic reticulum", "c_max": 0.05, "c_min": 1e-06, "membranePot": {"c": 0, "m": 0, "mm": 0, "v": 0, "vm": 0, "p": 0, "e": 0, "g": 0, "gm": 0, "er": 0, "erm": 0, "n": 0, "lp": 0, "ce": 0, "im": 0}}, "g": {"pH": 6.35, "ionicStr": 0.0, "symbol": "g", "name": "Golgi", "c_max": 0.05, "c_min": 1e-06, "membranePot": {"c": 0, "m": 0, "mm": 0, "v": 0, "vm": 0, "p": 0, "e": 0, "g": 0, "gm": 0, "er": 0, "erm": 0, "n": 0, "lp": 0, "ce": 0, "im": 0}}, "lp": {"pH": 7.0, "ionicStr": 0.25, "symbol": "lp", "name": "lipid particle", "c_max": 0.05, "c_min": 1e-06, "membranePot": {"c": 0, "m": 0, "mm": 0, "v": 0, "vm": 0, "p": 0, "e": 0, "g": 0, "gm": 0, "er": 0, "erm": 0, "n": 0, "lp": 0, "ce": 0, "im": 0}}, "v": {"pH": 6.17, "ionicStr": 0.0, "symbol": "v", "name": "vacuole", "c_max": 0.05, "c_min": 1e-06, "membranePot": {"c": 0, "m": 0, "mm": 0, "v": 0, "vm": 0, "p": 0, "e": 0, "g": 0, "gm": 0, "er": 0, "erm": 0, "n": 0, "lp": 0, "ce": 0, "im": 0}}, "erm": {"pH": 7.2, "ionicStr": 0.0, "symbol": "erm", "name": "endoplasmic reticulum membrane", "c_max": 0.05, "c_min": 1e-06, "membranePot": {"c": 0, "m": 0, "mm": 0, "v": 0, "vm": 0, "p": 0, "e": 0, "g": 0, "gm": 0, "er": 0, "erm": 0, "n": 0, "lp": 0, "ce": 0, "im": 0}}, "vm": {"pH": 6.17, "ionicStr": 0.0, "symbol": "vm", "name": "vacuolar membrane", "c_max": 0.05, "c_min": 1e-06, "membranePot": {"c": 0, "m": 0, "mm": 0, "v": 0, "vm": 0, "p": 0, "e": 0, "g": 0, "gm": 0, "er": 0, "erm": 0, "n": 0, "lp": 0, "ce": 0, "im": 0}}, "gm": {"pH": 6.35, "ionicStr": 0.0, "symbol": "gm", "name": "Golgi membrane", "c_max": 0.05, "c_min": 1e-06, "membranePot": {"c": 0, "m": 0, "mm": 0, "v": 0, "vm": 0, "p": 0, "e": 0, "g": 0, "gm": 0, "er": 0, "erm": 0, "n": 0, "lp": 0, "ce": 0, "im": 0}}, "mm": {"pH": 7.5, "ionicStr": 0.25, "symbol": "mm", "name": "mitochondrial membrane", "c_max": 0.05, "c_min": 1e-06, "membranePot": {"c": 180, "m": 0, "mm": 0, "v": 0, "vm": 0, "p": 0, "e": 0, "g": 0, "gm": 0, "er": 0, "erm": 0, "n": 0, "lp": 0, "ce": 0, "im": 0}}, "im": {"pH": 7.0, "ionicStr": 0.0, "symbol": "im", "name": "inter-membrane mitochondrion", "c_max": 0.05, "c_min": 1e-06, "membranePot": {"c": 0, "m": 0, "mm": 0, "v": 0, "vm": 0, "p": 0, "e": 0, "g": 0, "gm": 0, "er": 0, "erm": 0, "n": 0, "lp": 0, "ce": 0, "im": 0}}}